card_id,tag
T001,レジェンド
T002,プロトコル
T002,レジェンド
T002,試験頻出
T003,プロトコル
T003,Web標準
T003,レジェンド
T004,プロトコル
T004,試験頻出
T005,プロトコル
T005,暗号
T005,Web標準
T006,プロトコル
T006,試験頻出
T007,試験頻出
T008,ネットワーク機器
T009,プロトコル
T009,ハードウェア
T010,暗号
T010,セキュリティ対策
T011,プロトコル
T012,プロトコル
T013,プロトコル
T013,試験頻出
T014,プロトコル
T014,試験頻出
T015,プロトコル
T016,試験頻出
T017,プロトコル
T018,プロトコル
T019,試験頻出
T020,ネットワーク機器
T021,試験頻出
T022,試験頻出
T022,ハードウェア
T023,試験頻出
T024,試験頻出
T025,開発ツール
T026,プロトコル
T027,プロトコル
T028,ネットワーク機器
T029,試験頻出
T030,プロトコル
T030,ハードウェア
T031,試験頻出
T032,プロトコル
T033,暗号
T033,レジェンド
T033,試験頻出
T034,暗号
T034,レジェンド
T035,サイバー攻撃
T035,試験頻出
T036,セキュリティ対策
T036,試験頻出
T037,サイバー攻撃
T038,サイバー攻撃
T039,サイバー攻撃
T039,試験頻出
T040,サイバー攻撃
T040,試験頻出
T041,認証
T041,セキュリティ対策
T042,セキュリティ対策
T043,認証
T043,Web標準
T044,認証
T045,セキュリティ対策
T046,セキュリティ対策
T046,試験頻出
T047,暗号
T047,認証
T047,試験頻出
T048,暗号
T048,試験頻出
T049,暗号
T049,試験頻出
T050,サイバー攻撃
T051,サイバー攻撃
T052,サイバー攻撃
T052,試験頻出
T053,サイバー攻撃
T054,サイバー攻撃
T055,サイバー攻撃
T055,試験頻出
T056,サイバー攻撃
T057,サイバー攻撃
T058,サイバー攻撃
T059,サイバー攻撃
T060,サイバー攻撃
T061,セキュリティ対策
T061,仮想化
T062,セキュリティ対策
T063,セキュリティ対策
T063,認証
T064,認証
T064,暗号
T064,試験頻出
T065,言語
T065,レジェンド
T065,試験頻出
T066,言語
T066,スクリプト言語
T066,レジェンド
T067,言語
T067,スクリプト言語
T067,レジェンド
T068,言語
T068,オブジェクト指向
T068,試験頻出
T069,言語
T069,オブジェクト指向
T069,静的型付け
T070,言語
T070,レジェンド
T071,言語
T071,関数型
T072,言語
T072,静的型付け
T072,フロントエンド
T073,言語
T073,静的型付け
T073,バックエンド
T074,言語
T074,静的型付け
T075,言語
T075,オブジェクト指向
T075,静的型付け
T076,言語
T076,試験頻出
T077,言語
T077,ハードウェア
T077,試験頻出
T078,言語
T078,スクリプト言語
T078,オブジェクト指向
T078,日本発
T079,言語
T079,スクリプト言語
T079,バックエンド
T080,言語
T080,静的型付け
T080,オブジェクト指向
T081,言語
T081,静的型付け
T081,オブジェクト指向
T082,言語
T082,関数型
T082,静的型付け
T083,言語
T083,スクリプト言語
T084,言語
T084,スクリプト言語
T084,機械学習
T085,言語
T085,関数型
T085,オブジェクト指向
T086,言語
T087,言語
T087,オブジェクト指向
T087,フロントエンド
T088,言語
T088,スクリプト言語
T089,言語
T089,機械学習
T090,言語
T090,静的型付け
T091,言語
T091,関数型
T092,言語
T092,静的型付け
T093,言語
T093,オブジェクト指向
T094,言語
T094,関数型
T095,言語
T095,関数型
T095,静的型付け
T096,言語
T096,計算理論
T097,言語
T097,関数型
T098,言語
T098,オブジェクト指向
T099,Web標準
T099,レジェンド
T099,試験頻出
T100,Web標準
T100,フロントエンド
T100,レジェンド
T101,Web標準
T101,フロントエンド
T101,試験頻出
T102,Web標準
T102,バックエンド
T102,試験頻出
T103,Web標準
T103,試験頻出
T103,データ形式
T104,Web標準
T104,試験頻出
T104,データ形式
T105,Web標準
T105,試験頻出
T106,Web標準
T106,フロントエンド
T107,フロントエンド
T108,プロトコル
T108,Web標準
T109,フロントエンド
T110,フロントエンド
T110,Web標準
T111,Web標準
T111,試験頻出
T112,バックエンド
T112,OSS
T113,Web標準
T113,フロントエンド
T114,バックエンド
T114,試験頻出
T115,フロントエンド
T116,フロントエンド
T117,Web標準
T117,フロントエンド
T118,Web標準
T118,フロントエンド
T119,フロントエンド
T119,開発ツール
T119,OSS
T120,フロントエンド
T120,開発ツール
T120,OSS
T121,Web標準
T121,フロントエンド
T122,Web標準
T122,フロントエンド
T123,Web標準
T123,セキュリティ対策
T124,Web標準
T124,フロントエンド
T125,フロントエンド
T126,フロントエンド
T126,バックエンド
T127,Web標準
T127,プロトコル
T128,Web標準
T128,フロントエンド
T129,リレーショナル
T129,レジェンド
T129,試験頻出
T130,リレーショナル
T130,試験頻出
T131,リレーショナル
T131,試験頻出
T132,リレーショナル
T132,試験頻出
T133,リレーショナル
T133,データ構造
T133,試験頻出
T134,リレーショナル
T134,試験頻出
T135,リレーショナル
T135,OSS
T135,バックエンド
T136,リレーショナル
T136,OSS
T136,バックエンド
T137,リレーショナル
T137,試験頻出
T138,リレーショナル
T138,試験頻出
T139,リレーショナル
T139,試験頻出
T140,リレーショナル
T140,バックエンド
T141,リレーショナル
T141,試験頻出
T142,NoSQL
T142,ビッグデータ
T143,NoSQL
T143,OSS
T143,バックエンド
T144,NoSQL
T144,OSS
T144,バックエンド
T145,リレーショナル
T146,リレーショナル
T146,試験頻出
T147,リレーショナル
T147,試験頻出
T148,リレーショナル
T148,試験頻出
T149,リレーショナル
T149,試験頻出
T150,リレーショナル
T150,試験頻出
T151,リレーショナル
T151,試験頻出
T152,リレーショナル
T152,バックエンド
T153,バックエンド
T153,開発ツール
T154,リレーショナル
T154,OSS
T155,リレーショナル
T155,バックエンド
T156,ビッグデータ
T156,リレーショナル
T157,計算理論
T157,レジェンド
T157,試験頻出
T158,アルゴリズム
T158,レジェンド
T158,試験頻出
T158,ソート
T159,アルゴリズム
T159,試験頻出
T160,計算理論
T160,レジェンド
T161,データ構造
T161,試験頻出
T162,データ構造
T162,試験頻出
T163,データ構造
T163,試験頻出
T164,アルゴリズム
T164,試験頻出
T165,計算理論
T165,アルゴリズム
T165,試験頻出
T166,計算理論
T166,試験頻出
T167,アルゴリズム
T167,試験頻出
T167,ソート
T168,データ構造
T168,試験頻出
T169,データ構造
T169,試験頻出
T170,アルゴリズム
T171,アルゴリズム
T172,計算理論
T172,試験頻出
T173,計算理論
T173,試験頻出
T174,計算理論
T175,計算理論
T175,データ構造
T176,計算理論
T176,試験頻出
T177,アルゴリズム
T177,試験頻出
T178,アルゴリズム
T178,試験頻出
T178,ソート
T179,アルゴリズム
T179,試験頻出
T179,ソート
T180,アルゴリズム
T180,ソート
T181,データ構造
T181,試験頻出
T182,データ構造
T182,試験頻出
T183,アルゴリズム
T184,アルゴリズム
T185,計算理論
T185,試験頻出
T186,計算理論
T186,試験頻出
T187,アルゴリズム
T187,試験頻出
T188,計算理論
T188,試験頻出
T189,アルゴリズム
T190,アルゴリズム
T191,OS
T191,UNIX系
T191,レジェンド
T192,OS
T192,UNIX系
T192,レジェンド
T193,OS
T194,ハードウェア
T194,試験頻出
T195,OS
T195,UNIX系
T196,OS
T196,UNIX系
T197,OS
T197,UNIX系
T198,OS
T198,試験頻出
T199,ハードウェア
T199,機械学習
T200,OS
T200,UNIX系
T201,OS
T201,試験頻出
T202,OS
T202,試験頻出
T203,OS
T203,試験頻出
T204,ハードウェア
T204,試験頻出
T205,ハードウェア
T206,OS
T207,ハードウェア
T207,OS
T208,OS
T208,試験頻出
T209,OS
T209,ハードウェア
T209,試験頻出
T210,ハードウェア
T210,試験頻出
T211,ハードウェア
T211,試験頻出
T212,ハードウェア
T213,ハードウェア
T214,OS
T214,ハードウェア
T215,OS
T215,試験頻出
T216,OS
T216,試験頻出
T217,OS
T217,試験頻出
T218,OS
T218,試験頻出
T219,OS
T220,OS
T220,UNIX系
T221,UNIX系
T221,開発ツール
T222,ハードウェア
T223,コンテナ
T223,仮想化
T223,レジェンド
T224,コンテナ
T224,クラウド
T224,OSS
T225,クラウド
T226,クラウド
T226,試験頻出
T227,クラウド
T227,バックエンド
T228,開発手法
T228,バックエンド
T228,クラウド
T229,クラウド
T230,ネットワーク機器
T230,クラウド
T231,クラウド
T231,試験頻出
T232,クラウド
T232,試験頻出
T233,クラウド
T233,試験頻出
T234,クラウド
T234,開発手法
T235,クラウド
T236,クラウド
T237,クラウド
T237,試験頻出
T238,クラウド
T239,開発ツール
T239,クラウド
T240,仮想化
T240,クラウド
T241,仮想化
T241,試験頻出
T242,仮想化
T242,クラウド
T243,クラウド
T244,クラウド
T245,クラウド
T245,試験頻出
T246,クラウド
T247,クラウド
T248,クラウド
T249,クラウド
T250,バックエンド
T250,OSS
T251,クラウド
T251,ビッグデータ
T252,クラウド
T252,試験頻出
T253,機械学習
T253,レジェンド
T254,機械学習
T254,試験頻出
T255,機械学習
T255,生成AI
T255,レジェンド
T256,生成AI
T256,機械学習
T257,生成AI
T257,機械学習
T258,機械学習
T258,試験頻出
T259,機械学習
T259,試験頻出
T260,機械学習
T260,生成AI
T261,機械学習
T261,試験頻出
T262,機械学習
T262,試験頻出
T263,機械学習
T263,試験頻出
T264,機械学習
T265,生成AI
T266,ビッグデータ
T266,試験頻出
T267,機械学習
T267,試験頻出
T268,生成AI
T269,ビッグデータ
T269,試験頻出
T270,機械学習
T270,アルゴリズム
T271,機械学習
T271,アルゴリズム
T272,機械学習
T272,アルゴリズム
T273,機械学習
T273,ビッグデータ
T274,機械学習
T275,機械学習
T276,機械学習
T277,機械学習
T278,機械学習
T279,ビッグデータ
T280,試験頻出
T281,試験頻出
T282,機械学習
T283,開発ツール
T283,OSS
T283,レジェンド
T284,開発ツール
T284,OSS
T285,OSS
T285,レジェンド
T286,開発手法
T286,試験頻出
T287,開発手法
T287,開発ツール
T288,開発手法
T289,開発手法
T289,試験頻出
T290,開発手法
T291,開発手法
T292,開発手法
T292,試験頻出
T293,開発手法
T293,試験頻出
T294,開発手法
T295,開発手法
T296,開発ツール
T296,試験頻出
T297,開発手法
T297,試験頻出
T298,開発手法
T299,開発ツール
T299,試験頻出
T300,開発ツール
T300,OSS
T301,開発手法
T302,開発手法
T303,開発手法
T304,開発ツール
T305,開発ツール
T305,OSS
T306,開発ツール
T307,開発ツール
T308,開発手法
T308,開発ツール
T309,開発ツール
T310,開発手法
T311,開発手法
T312,開発手法
T312,試験頻出
T312,日本発
T313,プロトコル
T313,試験頻出
T314,プロトコル
T314,暗号
T314,試験頻出
T315,プロトコル
T315,暗号
T315,UNIX系
T316,プロトコル
T316,試験頻出
T317,プロトコル
T317,試験頻出
T318,プロトコル
T318,試験頻出
T319,試験頻出
T320,試験頻出
T321,試験頻出
T322,ハードウェア
T322,試験頻出
T323,試験頻出
T324,試験頻出
T325,プロトコル
T325,試験頻出
T326,サイバー攻撃
T326,試験頻出
T327,セキュリティ対策
T328,暗号
T329,セキュリティ対策
T329,試験頻出
T330,認証
T330,セキュリティ対策
T330,試験頻出
T331,認証
T331,試験頻出
T332,サイバー攻撃
T333,試験頻出
T334,セキュリティ対策
T334,試験頻出
T335,セキュリティ対策
T336,セキュリティ対策
T336,試験頻出
T337,セキュリティ対策
T337,試験頻出
T338,セキュリティ対策
T339,言語
T340,言語
T340,静的型付け
T340,オブジェクト指向
T341,言語
T341,機械学習
T342,言語
T342,関数型
T342,静的型付け
T343,言語
T343,オブジェクト指向
T343,開発ツール
T344,言語
T344,静的型付け
T345,言語
T345,スクリプト言語
T345,日本発
T346,言語
T346,オブジェクト指向
T347,言語
T347,スクリプト言語
T347,オブジェクト指向
T348,言語
T348,静的型付け
T349,言語
T349,静的型付け
T349,オブジェクト指向
T350,言語
T350,スクリプト言語
T351,言語
T351,スクリプト言語
T352,フロントエンド
T352,OSS
T353,フロントエンド
T353,OSS
T354,バックエンド
T354,OSS
T355,データ形式
T356,データ形式
T357,日本発
T357,データ形式
T358,日本発
T359,データ形式
T359,試験頻出
T360,データ形式
T361,データ形式
T362,フロントエンド
T362,OSS
T362,開発ツール
T363,フロントエンド
T363,Web標準
T364,フロントエンド
T364,Web標準
T365,NoSQL
T365,生成AI
T366,ビッグデータ
T366,バックエンド
T367,OSS
T367,NoSQL
T367,ビッグデータ
T368,NoSQL
T368,クラウド
T369,NoSQL
T369,OSS
T369,ビッグデータ
T370,バックエンド
T370,ビッグデータ
T371,リレーショナル
T372,リレーショナル
T372,ビッグデータ
T373,バックエンド
T374,リレーショナル
T374,試験頻出
T375,リレーショナル
T375,試験頻出
T376,リレーショナル
T376,データ構造
T376,試験頻出
T377,NoSQL
T377,ビッグデータ
T378,計算理論
T378,ハードウェア
T379,計算理論
T379,試験頻出
T380,アルゴリズム
T380,試験頻出
T381,ソート
T381,アルゴリズム
T381,試験頻出
T382,データ形式
T382,Web標準
T382,試験頻出
T383,計算理論
T384,アルゴリズム
T385,ソート
T385,アルゴリズム
T385,試験頻出
T386,データ形式
T386,試験頻出
T387,データ形式
T387,日本発
T387,試験頻出
T388,計算理論
T389,アルゴリズム
T389,計算理論
T389,試験頻出
T390,アルゴリズム
T390,試験頻出
T391,ハードウェア
T391,試験頻出
T392,ハードウェア
T392,日本発
T393,OS
T393,日本発
T394,ハードウェア
T395,ハードウェア
T396,ハードウェア
T397,OS
T397,ハードウェア
T398,ハードウェア
T399,ハードウェア
T399,試験頻出
T400,UNIX系
T400,OS
T401,OS
T402,OS
T403,ハードウェア
T404,クラウド
T405,クラウド
T405,ビッグデータ
T406,クラウド
T406,セキュリティ対策
T407,クラウド
T407,開発手法
T408,クラウド
T408,開発手法
T409,クラウド
T409,コンテナ
T410,クラウド
T410,試験頻出
T411,クラウド
T412,クラウド
T412,フロントエンド
T413,クラウド
T414,コンテナ
T414,クラウド
T415,クラウド
T416,クラウド
T416,試験頻出
T417,生成AI
T417,機械学習
T418,生成AI
T418,機械学習
T419,機械学習
T419,生成AI
T420,生成AI
T421,機械学習
T421,生成AI
T422,機械学習
T422,生成AI
T423,計算理論
T423,機械学習
T424,機械学習
T424,開発手法
T425,機械学習
T426,機械学習
T426,セキュリティ対策
T427,機械学習
T427,ビッグデータ
T428,機械学習
T429,機械学習
T430,開発ツール
T430,OSS
T431,開発ツール
T431,OSS
T431,UNIX系
T432,開発ツール
T432,OSS
T433,開発ツール
T433,OSS
T433,UNIX系
T434,スクリプト言語
T434,UNIX系
T435,開発ツール
T435,UNIX系
T436,開発手法
T436,オブジェクト指向
T436,試験頻出
T437,開発ツール
T438,開発ツール
T438,セキュリティ対策
T439,開発手法
T440,開発手法
T441,開発手法
T442,開発手法
