card_id,attack,defense,description
P01,9400,8800,面積日本一。日本の国土の約2割を占める広大な大地
P02,7200,5800,りんご生産量日本一。ねぶた祭は動員200万人超
P03,6600,5600,本州で最も広い県。県の面積は四国4県に匹敵
P04,7200,7000,東北最大の都市圏を擁する。牛タンとずんだの本場
P05,6600,5400,なまはげと竿燈まつりの県。米どころとして名高い
P06,6400,5400,さくらんぼ生産量日本一。全市町村に温泉が湧く
P07,6800,6200,全国3位の広さ。会津・中通り・浜通りで気候が全く違う
P08,6400,6600,メロン生産量日本一。読みは「いばらき」で濁らない
P09,6400,6000,いちご生産量日本一。「とちおとめ」の故郷
P10,6400,6000,草津・伊香保・水上など温泉大国。からっ風と雷の国
P11,6600,7800,人口全国5位。ひなまつり人形と川越の小江戸が有名
P12,7000,7800,落花生生産量日本一。成田空港と夢の国を擁する
P13,10000,10000,人口日本一の首都。GDPは一国に匹敵する規模
P14,8400,9200,人口全国2位。横浜・鎌倉・箱根と観光資源も豊富
P15,7000,6400,米の産出額日本一。コシヒカリと日本酒の聖地
P16,6000,5400,立山連峰と富山湾。ホタルイカと寒ブリの海の幸
P17,7000,5800,加賀百万石の伝統文化。能登半島と金沢を擁する
P18,6000,5200,幸福度ランキング常連1位。恐竜化石の発掘数も日本一
P19,6600,5400,ぶどう・桃の生産量日本一。富士山の北側玄関口
P20,7200,6400,8県と接する内陸の雄。平均標高日本一の高地県
P21,6200,6000,白川郷と飛騨高山。織田信長が天下布武を掲げた地
P22,7200,7400,お茶の栽培面積日本一。富士山と駿河湾を擁する
P23,7800,8800,製造品出荷額40年以上日本一。ものづくり王国
P24,6400,6000,伊勢神宮と鈴鹿サーキット。松阪牛と伊勢エビの美食県
P25,6200,5800,日本一の湖・琵琶湖が県面積の6分の1を占める
P26,9500,7600,千年の都。寺社仏閣の数は約3000にのぼる
P27,9400,9000,天下の台所。面積は小さいが人口密度と食文化は圧倒的
P28,7400,8000,神戸・姫路・有馬・淡路島。日本海と瀬戸内海の両方に面する
P29,8000,5800,日本最初の本格的な都。世界遺産の数は全国トップ級
P30,6400,5200,みかんと梅の生産量日本一。高野山と熊野古道の聖地
P31,6000,4600,人口最少の県。鳥取砂丘と二十世紀梨で勝負する
P32,6200,4800,出雲大社と石見銀山。神々が集う縁結びの国
P33,6400,6200,晴れの日が多い「晴れの国」。桃太郎伝説の地
P34,7800,7200,2つの世界遺産を持つ中国地方の雄。お好み焼きの本場
P35,6400,5800,ふぐの取扱量日本一。総理大臣輩出数も日本一
P36,6000,4800,阿波おどりとすだち生産量日本一。渦潮の鳴門海峡
P37,6600,5200,面積最小の県。うどん用小麦の消費量はぶっちぎり日本一
P38,6400,5600,日本最古の道後温泉とみかんの国。しまなみ海道の入口
P39,6400,5000,森林率84%で日本一。坂本龍馬とカツオのたたきの国
P40,8200,8000,屋台の数日本一。アジアの玄関口として発展を続ける
P41,5800,4600,有田焼・伊万里焼の陶磁器王国。バルーンフェスタも有名
P42,7200,5800,島の数日本一(1479島)。鎖国時代唯一の西洋への窓口
P43,7000,6400,地下水都市として日本一。くまモンの経済効果は兆円級
P44,6600,5400,源泉数・湧出量ともに日本一の「おんせん県」
P45,6200,5000,日照時間トップ級の南国。マンゴーと神話の国
P46,7000,6000,桜島と屋久島。黒豚・黒牛・黒酢の「黒」の食文化
P47,9000,6400,日本唯一の亜熱帯県。琉球王国の歴史と美ら海
C001,8000,8200,人口195万の北の都。年間降雪量約5mは大都市で世界随一
C002,6800,5200,世界三大夜景と称される函館山からの眺望。朝市も名物
C003,6200,4400,運河とガラス工芸の街。かつてはニシン漁で栄えた
C004,5400,5000,行動展示で有名な旭山動物園。旭川ラーメンの本場
C005,5800,3800,地獄谷から湧く9種の泉質。北海道随一の温泉郷
C006,5600,3600,夏はラベンダー畑、冬はパウダースノーの二刀流
C007,4800,3200,世界的スキーリゾート・ニセコの玄関口。読めたらすごい
C008,4500,2500,北海道で最も人口が少ない村。黒い蕎麦が名物
C009,4400,2800,かにめし発祥の地。アイヌ語由来の難読地名の代表格
C010,5000,3000,夕張メロンの故郷。かつては炭鉱で栄えた
C011,5400,4800,世界有数の豪雪都市。ねぶた祭の熱気は真夏の雪解け
C012,5400,4400,弘前城の桜は日本一の呼び声。りんご生産量市町村1位
C013,4800,4600,日本有数の水揚げを誇る漁港。朝市文化が根付く
C014,4200,3200,1960年に日本初のひらがな市名となった先駆者
C015,5400,4800,わんこそば・冷麺・じゃじゃ麺の三大麺の街
C016,5000,3200,『遠野物語』の舞台。カッパと座敷わらしの民話の里
C017,6000,3000,中尊寺金色堂。奥州藤原氏が築いた黄金の都
C018,3800,3400,本州最東端の市。浄土ヶ浜の絶景と三陸の海の幸
C019,7600,7800,伊達政宗が築いた杜の都。東北唯一の政令指定都市
C020,6400,3000,日本三景「松島」。260余りの島々が浮かぶ絶景
C021,4000,3800,世界三大漁場・三陸沖の拠点漁港。石ノ森萬画館がある
C022,4000,3200,フカヒレ水揚げ日本一。読み方は「けせんぬま」
C023,5000,4600,竿燈まつりの街。ハタハタと日本酒の食文化
C024,5200,3000,武家屋敷の角館と秘湯・乳頭温泉郷を擁する
C025,5000,2800,なまはげの故郷。「泣ぐ子はいねがー」の男鹿半島
C026,3600,2800,小野小町生誕伝説の地。稲庭うどんの本場
C027,5000,4400,山寺(立石寺)の絶景。冷やしラーメン発祥の地
C028,4200,3600,ユネスコ食文化創造都市。東北最大の面積を持つ市
C029,4800,3000,将棋駒の生産量日本一。人間将棋の開催地
C030,4000,2800,さくらんぼの一大産地。「さがえ」と読めたら上級者
C031,4800,4400,桃の名産地。飯坂温泉は日本最古級の歴史を持つ
C032,6000,4200,白虎隊と鶴ヶ城。サムライ文化が息づく城下町
C033,4200,4400,東北第2の経済都市。「こおりやま」と読む
C034,4600,4200,スパリゾートハワイアンズとフラガールの街
C035,5400,4600,水戸黄門と偕楽園。納豆消費量トップクラス
C036,5600,4600,研究機関が集積する科学の街。宇宙飛行士の訓練拠点
C037,3800,2600,「なめがた」と読む超難読市。さつまいもが名産
C038,4600,2800,あんこう鍋とガールズ&パンツァーの聖地
C039,5600,5000,餃子購入額日本一を浜松市と争う餃子の都
C040,7200,4000,「日光を見ずして結構と言うなかれ」。東照宮と華厳の滝
C041,4800,3200,皇室の御用邸がある高原リゾート。牛乳生産本州一
C042,4200,3200,日本最古の学校「足利学校」。藤の花の絶景で有名
C043,4400,4200,「都道府県庁所在地の知名度」で常に話題になる県都
C044,4800,4600,だるま生産量日本一。上越・北陸新幹線の分岐点
C045,7000,3200,自然湧出量日本一の名湯。湯もみと湯畑は圧巻
C046,4400,2600,18の温泉地を持つ水上温泉郷。ラフティングの聖地
C047,6000,7000,浦和と大宮の合併で誕生した人口134万都市
C048,6000,4400,蔵造りの町並みが残る「小江戸」。さつまいもグルメの街
C049,4800,3200,秩父夜祭は日本三大曳山祭。あの花の聖地としても有名
C050,4200,3800,クレヨンしんちゃん一家が住む街。「かすかべ」と読む
C051,5000,6000,幕張メッセを擁する県都。加曽利貝塚は世界最大級
C052,5800,4200,日本の空の玄関口。成田山新勝寺の参道グルメも人気
C053,4800,3000,水揚げ量日本一の漁港。醤油醸造の一大産地
C054,6200,4400,夢の国が経済を支える。かつては漁師町だった
C055,3600,2400,全国屈指の難読市名「そうさ」。植木の産地として有名
C056,3800,2800,房総半島の南端。温暖な気候で花畑が広がる
C057,8400,7200,新宿駅は乗降客数世界一でギネス認定。眠らない街
C058,8200,6600,スクランブル交差点は1回の青信号で最大3000人が渡る
C059,7400,6800,東京タワーと六本木。企業本社数トップクラス
C060,7800,7400,皇居と国会議事堂。夜間人口わずか6万人の政治の中枢
C061,6600,5000,浅草と上野。江戸の下町文化を今に伝える
C062,5800,5400,池袋を擁する。人口密度は23区トップクラス
C063,6000,5800,新幹線の玄関口。実は品川駅は港区にある
C064,6800,6000,銀座と日本橋。日本の道路の起点「日本橋」がある
C065,5800,6600,23区最大の人口92万人。住宅街の王者
C066,4400,5200,西新井大師と北千住。下町人情が残る
C067,4400,5400,日本のアニメ発祥の地。としまえん跡にハリポタ施設
C068,4200,4800,高尾山を擁する多摩の中核都市。大学が集まる学園都市
C069,4000,2200,東京都とは思えない秘境。都民の水がめ奥多摩湖
C070,4200,2000,人口約160人で日本一小さい村。二重カルデラの絶海の孤島
C071,8200,8800,市の人口377万人で日本一。開港以来の国際港湾都市
C072,5400,6600,工場夜景と音楽の街。人口密度は政令市トップ
C073,7400,4200,武家政権発祥の地。大仏と江ノ電と紫陽花の古都
C074,7200,3400,東京の奥座敷。駅伝の山登りと芦ノ湖の海賊船
C075,5000,4000,北条氏の城下町。かまぼこと梅干しの名産地
C076,5200,4600,ペリー来航の地。海軍カレーとスカジャン発祥
C077,4000,2400,万葉集にも詠まれた古湯。文豪たちの湯治場
C078,5200,5600,本州日本海側唯一の政令市。米菓生産日本一
C079,5800,3000,金山とトキと たらい舟。日本海最大の島
C080,5000,2600,川端康成『雪国』の舞台。東京から75分のスキー天国
C081,4800,4000,日本三大花火の長岡花火。正三尺玉の迫力は圧巻
C082,4800,4600,薬売りの伝統と路面電車の先進都市。ます寿司が名物
C083,4200,3600,銅器生産日本一。ドラえもんの藤子・F・不二雄の故郷
C084,5400,2600,雪の大谷は高さ20m。立山黒部アルペンルートの入口
C085,4400,2600,寒ブリの聖地。「ひみ」と読む。海越しの立山連峰は絶景
C086,7400,5400,加賀百万石の城下町。兼六園と21世紀美術館の新旧融合
C087,4800,2600,輪島塗と千枚田。朝市は日本三大朝市のひとつ
C088,4600,3000,山代・山中・片山津の加賀温泉郷。九谷焼の産地
C089,4000,2600,和倉温泉は海に湧く名湯。能登半島の中核都市
C090,4400,4200,幕末の名君・松平春嶽の城下町。ソースカツ丼発祥説あり
C091,4200,3200,「つるが」と読む。北陸新幹線の終着駅となった港町
C092,4800,2800,国産メガネフレームの96%を生産。メガネの聖地
C093,4600,2400,恐竜化石発掘量日本一。福井県立恐竜博物館は世界三大級
C094,4600,4000,武田信玄の城下町。ワインと宝石研磨の街
C095,5600,3000,富士山の麓の街。吉田のうどんは日本一硬いと評判
C096,5400,2600,富士五湖観光の中心。逆さ富士の絶景スポット
C097,5200,4600,善光寺の門前町。「牛に引かれて善光寺参り」
C098,6200,4400,国宝松本城の城下町。北アルプスの玄関口
C099,6800,3600,日本を代表する避暑地。ジョン・レノンも愛した別荘地
C100,4800,3000,御柱祭と諏訪湖。精密機械の「東洋のスイス」
C101,5200,2400,長野五輪の舞台。世界中のスキーヤーが集う雪の聖地
C102,4600,2400,温泉に入るサル「スノーモンキー」で世界的に有名
C103,4600,4400,織田信長が名付けた街。鵜飼は1300年の伝統
C104,6200,3400,飛騨の小京都。市の面積は日本一で東京都に匹敵
C105,6600,2200,合掌造り集落は世界遺産。冬のライトアップは幻想的
C106,5400,2600,日本三名泉のひとつ下呂温泉。「げろ」と読む
C107,4200,3400,「かかみがはら」と読む全国屈指の難読市。航空機の街
C108,5200,5400,徳川家康が晩年を過ごした駿府。ちびまる子ちゃんの清水も
C109,5200,5600,楽器とバイクの世界的企業を生んだ街。うなぎと餃子も
C110,6800,3400,昭和の新婚旅行の聖地から令和のリバイバルへ。海上花火も
C111,4800,2800,湧出量全国トップ級の温泉都市。伊豆の海の幸も豊富
C112,5000,3000,富士山本宮浅間大社の門前町。富士宮やきそばはB級王者
C113,4200,2400,黒船来航で開国の舞台となった港町。白浜の美しい海
C114,7800,8400,人口233万の中京の雄。モーニング文化と味噌カツの街
C115,5400,5800,製造品出荷額日本一。世界のTOYOTAの企業城下町
C116,4800,2800,現存最古の天守・国宝犬山城。明治村もある
C117,3800,2600,「がまごおり」と読む。みかんと竹島の景勝地
C118,4000,2600,中部国際空港セントレアの街。招き猫生産日本一
C119,4400,3800,日本一短い市名。ひらがな1文字・ローマ字だと「Tsu」
C120,7000,3600,お伊勢さんの門前町。江戸時代は「一生に一度はお伊勢参り」
C121,4800,2400,真珠養殖発祥の地。海女文化が今も息づく
C122,4600,2600,英虞湾のリアス海岸。伊勢エビとサミットの開催地
C123,5000,3200,松阪牛の本場。正しくは「まつさか」と濁らない
C124,4600,4200,琵琶湖の南岸の県都。一時は都が置かれた歴史も
C125,5400,3200,国宝彦根城とひこにゃん。井伊家35万石の城下町
C126,4200,2800,秀吉が最初に城を持った出世の街。黒壁スクエアが人気
C127,4400,2800,近江商人発祥の地。「三方よし」の精神はここから
C128,8800,7000,寺社2000超を擁する千年の都。世界の観光都市ランク常連
C129,6200,3400,平等院鳳凰堂は10円玉の顔。宇治抹茶は世界ブランド
C130,4000,2800,東郷平八郎ゆかりの軍港。肉じゃが発祥の地を名乗る
C131,5600,2400,日本三景「天橋立」。股のぞきで見る昇り龍は絶景
C132,8600,8600,食い倒れの街。たこ焼き店の密度は世界一とも
C133,5200,5400,仁徳天皇陵は世界最大級の墓。千利休と鉄砲の自治都市
C134,4400,4200,中小企業の町工場密度日本一。ラグビーの聖地・花園
C135,3800,3200,関西国際空港の対岸の街。ふるさと納税で全国区に
C136,4200,4000,「ひらかた」と読む難読市の代表格。ひらパーの街
C137,7800,7400,異国情緒あふれる港町。市内に日本最古の有馬温泉を持つ
C138,7200,5000,白鷺城と称される世界遺産・姫路城。天守は国宝
C139,5200,3800,歌劇団の街。手塚治虫が育った街でもある
C140,4600,2800,国生み神話の島の北部。明石海峡大橋で本州とつながる
C141,5000,2800,城崎温泉の外湯めぐり。コウノトリ野生復帰の街
C142,4000,4200,阪神工業地帯の中核。実は電話番号も06の「準大阪」
C143,7600,4800,東大寺・春日大社と1300頭の鹿。平城京の都
C144,5400,2200,「あすか」と読む。石舞台古墳と飛鳥時代の中心地
C145,4400,3000,「かしはら」と読む。日本最初の都城・藤原京の地
C146,5000,2200,一目千本と謳われる桜の聖地。西行も愛した山桜
C147,4600,4200,紀州徳川家55万石の城下町。和歌山ラーメンも人気
C148,6400,2400,空海が開いた天空の宗教都市。奥之院の杉並木は圧巻
C149,5400,2400,那智の滝と熊野古道。生マグロ水揚げ日本一級
C150,5600,2600,パンダと白い砂浜と名湯。日本三古湯の南紀白浜温泉
C151,5400,3600,鳥取砂丘の街。梨とカレー消費量日本一級
C152,4000,3200,「よなご」と読む。皆生温泉と大山の麓の商都
C153,5000,2600,ゲゲゲの鬼太郎の水木しげるロード。カニ水揚げ日本一
C154,5600,3800,国宝松江城と宍道湖の夕日。小泉八雲が愛した水の都
C155,6800,3600,縁結びの出雲大社。旧暦10月は全国の神々が集結
C156,4400,2000,山陰の小京都。森鴎外の故郷で鯉が泳ぐ掘割の街
C157,4400,2000,後鳥羽上皇配流の地。ユネスコ世界ジオパーク
C158,5200,5200,桃太郎の街。日本三名園・後楽園と岡山城
C159,6200,4400,白壁の美観地区。国産ジーンズ発祥の児島地区
C160,4600,2200,「たかはし」と読む。天空の山城・備中松山城
C161,7400,6800,平和記念都市。お好み焼きとカープの熱狂
C162,6000,3200,「はつかいち」と読む。世界遺産・厳島神社の宮島を擁する
C163,5600,3000,坂と猫と文学の街。しまなみ海道サイクリングの起点
C164,4800,3600,戦艦大和を建造した軍港。この世界の片隅にの舞台
C165,4400,3600,西の京。国宝瑠璃光寺五重塔とザビエル記念聖堂
C166,5600,3800,ふぐの本場。武蔵と小次郎の巌流島も市内
C167,5400,2600,吉田松陰と維新の志士たちを生んだ城下町
C168,4600,3000,5連アーチの錦帯橋は日本三名橋。シロヘビの街
C169,4600,3800,阿波おどり本場。8月の4日間で100万人が熱狂
C170,5400,2800,世界三大潮流の渦潮。鳴門金時と鯛の産地
C171,4200,2000,日本三大秘境・祖谷のかずら橋。四国最大の面積
C172,3800,1600,葉っぱビジネスとゼロ・ウェイスト宣言で世界が注目
C173,5000,4200,うどん県の玄関口。栗林公園は一歩一景の名園
C174,4200,3000,現存木造天守の丸亀城。石垣の高さは日本一
C175,4800,2200,「しょうどしま」と読む。オリーブ栽培発祥の地
C176,4800,2000,こんぴらさんの石段785段。江戸庶民の憧れの参詣地
C177,5000,1800,現代アートの聖地。世界中から旅行者が訪れる
C178,6600,4800,日本最古の道後温泉と現存12天守の松山城。俳句の都
C179,5000,3200,タオル生産日本一。焼豚玉子飯としまなみ海道
C180,4000,2600,現存天守の宇和島城。闘牛と鯛めしの南予の中心
C181,5400,4000,現存天守の高知城とよさこい祭り。ひろめ市場の熱気
C182,5200,2400,日本最後の清流・四万十川。沈下橋の原風景
C183,4200,1800,空海が悟りを開いた室戸岬。世界ジオパーク認定
C184,4000,1400,人口800人でゆず加工品年商30億円の奇跡の村
C185,3600,1800,「すくも」と読む難読市。だるま夕日の絶景
C186,8000,7800,屋台数日本一。アジアに最も近い成長都市
C187,5000,5400,官営八幡製鉄所から始まった工業都市。門司港レトロ
C188,6000,3000,学問の神様・菅原道真を祀る太宰府天満宮。梅ヶ枝餅も名物
C189,4600,2600,どんこ舟の川下りとうなぎのせいろ蒸し。水郷の城下町
C190,4800,2800,福岡市民の憧れの移住先。海カフェと牡蠣小屋
C191,4200,3600,秋の空を彩るバルーンフェスタはアジア最大級
C192,4600,2800,唐津くんちの曳山と虹の松原。唐津焼の産地
C193,4800,2000,日本磁器発祥の地。有田焼400年の伝統
C194,4600,2200,「うれしの」と読む。日本三大美肌の湯と嬉野茶
C195,7000,5000,坂とちゃんぽんと世界新三大夜景。出島の異国文化
C196,5000,3800,佐世保バーガーとハウステンボス。九十九島の絶景
C197,4600,2200,日本初の国立公園。地獄めぐりの湯けむり
C198,4600,2000,国境の島。ゲームで世界的に有名になった対馬
C199,4600,2000,潜伏キリシタンの教会群。日本屈指の美しい海
C200,6800,6000,加藤清正が築いた難攻不落の熊本城。馬刺しと地下水の都
C201,6400,2800,世界最大級のカルデラ。大観峰からの雲海は絶景
C202,4600,2600,天草四郎の島。イルカウォッチングと崎津集落
C203,4200,2200,球磨川下りと球磨焼酎。相良700年の城下町
C204,3800,2200,千人灯籠踊りの山鹿灯籠まつり。豊前街道の宿場町
C205,4600,4200,大友宗麟の南蛮文化の街。とり天発祥の地
C206,7200,3600,源泉数・湧出量日本一。街中から湯けむりが立ち上る
C207,6400,2600,由布院温泉は女性人気No.1級。金鱗湖の朝霧
C208,4200,2600,天領として栄えた九州の小京都。日田焼きそばと下駄
C209,4000,2800,福澤諭吉の故郷。からあげ専門店発祥の地
C210,4800,4000,フェニックス並木と青島。プロ野球キャンプの聖地
C211,6200,2200,天孫降臨の神話の里。高千穂峡の真名井の滝
C212,4400,2400,サンメッセ日南のモアイ像。飫肥は九州の小京都
C213,3800,1800,霧島連山の麓のひらがな市。田の神さぁが見守る
C214,4200,3200,「みやこのじょう」と読む。肉と焼酎のふるさと納税王者
C215,6800,5600,桜島を望む南の雄都。西郷どんと白くまの街
C216,5400,2600,「いぶすき」と読む。世界的に珍しい天然砂むし温泉
C217,6400,2200,樹齢数千年の縄文杉。月に35日雨が降ると言われる森
C218,5200,2400,世界自然遺産の島。アマミノクロウサギと大島紬
C219,4800,3000,坂本龍馬が新婚旅行で訪れた地。天孫降臨の高千穂峰
C220,3800,2000,かつお節生産日本一。カツオの一本釣り基地
C221,7000,5000,琉球王国の都・首里城。国際通りは奇跡の1マイル
C222,5800,2600,八重山諸島の玄関口。川平湾の海の色は世界レベル
C223,5800,2600,「宮古ブルー」の海と伊良部大橋。雪塩とマンゴー
C224,4400,2800,「サンゴの島」を意味する古語が市名。勝連城跡は世界遺産
C225,3800,2000,「はえばる」と読む。沖縄で唯一海に面していない町
C226,4800,2000,万座毛と青の洞窟。沖縄リゾートホテルの聖地
C227,5000,1600,日本最南端の町。水牛車と星砂の浜の原風景
S01,9900,8000,標高3776mの日本一の霊峰。山梨と静岡にまたがる日本の象徴
S02,8400,3600,金箔に輝く舎利殿。正式名称は鹿苑寺
S03,8200,4000,「清水の舞台から飛び降りる」の語源。釘を使わない懸造り
S04,8000,3800,千本鳥居の朱のトンネル。全国3万社の稲荷神社の総本宮
S05,8000,4200,奈良の大仏は高さ15m。大仏殿は世界最大級の木造建築
S06,8400,3600,海に浮かぶ朱の大鳥居。平清盛が篤く信仰した
S07,8200,6000,白鷺城。築城以来一度も戦火に遭わなかった奇跡の名城
S08,7400,5200,秀吉が築いた天下の名城。石垣の巨石は畳36枚分
S09,7200,3800,グリコサインとかに看板。食い倒れ文化の象徴
S10,7600,4400,高さ333m。1958年完成以来、東京のシンボル
S11,8000,5000,高さ634m(ムサシ)。自立式電波塔として世界一
S12,7800,4200,雷門の大提灯は高さ3.9m。都内最古の寺
S13,7400,3600,世界で最も有名な交差点。訪日客の定番スポット
S14,8200,4600,日本人の心のふるさと。20年に一度の式年遷宮
S15,7800,4200,縁結びの神様。大注連縄は長さ13.6m
S16,7600,4400,家康を祀る豪華絢爛の社殿。眠り猫と三猿
S17,7400,3000,合掌造りの原風景。屋根の葺き替えは村総出の「結」
S18,6800,3200,日本三名園の筆頭格。雪吊りは冬の風物詩
S19,6600,3400,新世界のシンボル。ビリケンさんの足裏を撫でると幸運
S20,6200,3000,日本三大がっかり名所と言われつつ愛され続ける
S21,7400,3800,琉球王国の王城。朱塗りの正殿は復元が進む
S22,7600,5000,今も噴煙を上げる活火山。大正噴火で大隅半島と陸続きに
S23,6000,3000,明治日本の近代化を支えた製糸工場。世界遺産
S24,6600,2800,正式名は端島。海上要塞のような炭鉱都市の廃墟
S25,7000,3200,観光できる砂丘として日本最大級。らくだにも乗れる
S26,7200,6000,日本最大の湖。400万年の歴史を持つ古代湖
S27,7000,4800,金鯱が輝く尾張徳川家の居城。「尾張名古屋は城でもつ」
C228,7700,5100,室蘭市（むろらんし）は、北海道西南部にある市。 胆振総合振興局の振興局所在地。
C229,8000,5300,世界三大夕日と称される港町。釧路湿原の玄関口
C230,7900,4700,豚丼と六花亭の街。ばんえい競馬は世界唯一
C231,7900,5200,北見市（きたみし）は、北海道北東部に位置する市。オホーツク総合振興局の中核都市。
C232,7000,4100,岩見沢市（いわみざわし）は、北海道中西部の市。空知総合振興局の振興局所在地。
C233,6600,4100,流氷と網走監獄。オホーツクの海の幸が集まる
C234,6700,4300,留萌市（るもいし）は、北海道北西部の市。留萌振興局の振興局所在地。
C235,7800,4600,ホッキ貝水揚げ日本一の工業港湾都市
C236,7800,5000,日本最北端の街。宗谷岬から樺太が見える日も
C237,6000,3500,美唄市（びばいし）は、北海道の中西部に位置し、空知総合振興局に属する市。
C238,6100,3800,芦別市（あしべつし）は、北海道中西部に位置し、空知総合振興局に属する市。
C239,1800,800,江別市（えべつし）は、北海道の石狩振興局に属する市。
C240,5300,3100,赤平市（あかびらし）は、北海道の中西部に位置し、空知総合振興局に属する市。
C241,6300,3900,紋別市（もんべつし）は、北海道北東部に位置し、オホーツク総合振興局に属する市。
C242,5400,3100,士別市（しべつし）は、北海道上川地方北部にある市。
C243,6700,4400,名寄市（なよろし）は、北海道中北部に位置し、上川総合振興局に属する市である。
C244,1800,1000,三笠市（みかさし）は、北海道の中西部に位置し、空知総合振興局に属する市。
C245,7600,4700,本土最東端の街。日本で一番早く朝日が昇る
C246,1800,1300,新千歳空港の街。支笏湖の水質は日本トップ級
C247,7100,4100,滝川市（たきかわし）は、北海道の中西部に位置し、空知総合振興局に属する市。
C248,4700,3200,砂川市（すながわし）は、北海道の中西部に位置し、空知総合振興局管内に属する市。
C249,7500,5000,歌志内市（うたしないし）は、北海道の中西部に位置し、空知総合振興局に属する市。
C250,5000,3200,深川市（ふかがわし）は、北海道の中西部に位置し、空知総合振興局に属する市。
C251,1800,1100,恵庭市（えにわし）は、北海道西部に位置し、石狩振興局に属する市。
C252,6900,4000,伊達市（だてし）は、北海道の西南部に位置し、胆振総合振興局の西いぶり地域に属する市。
C253,7700,4700,北広島市（きたひろしまし）は、日本の北海道の石狩振興局に属する市。
C254,6100,4000,石狩市（いしかりし）は、北海道西部に位置し、石狩振興局管内に属する市。
C255,5700,3400,北斗市（ほくとし）は、北海道南部に位置し、渡島総合振興局に属する市。
C256,4400,2500,当別町（とうべつちょう）は、北海道石狩振興局管内北東部にある町。
C257,3100,1600,新篠津村（しんしのつむら）は、北海道石狩振興局管内北部にある村。
C258,5200,2600,松前町（まつまえちょう）は、北海道道南地方の渡島半島南西部に位置する渡島総合振興局管内にある町。
C259,6500,3300,福島町（ふくしまちょう）は、北海道（道南地方）の渡島総合振興局に位置する町。
C260,3800,1900,知内町（しりうちちょう）は、北海道南部（道南地方）の渡島総合振興局管内に属する町。
C261,4300,2200,木古内町（きこないちょう）は、北海道渡島総合振興局中部にある町。
C262,4700,2200,七飯町（ななえちょう）は、北海道渡島総合振興局にある町。
C263,4100,2000,鹿部町（しかべちょう）は、北海道渡島総合振興局中部にある町。茅部郡に属する。
C264,4300,2200,森町（もりまち）は、北海道渡島総合振興局管内中部にある町。茅部郡に属する。
C265,5100,2400,八雲町（やくもちょう）は、北海道渡島総合振興局にある町。北海道の郷土玩具「木彫りの熊」の発祥地である。
C266,4700,2200,江差町（えさしちょう）は、北海道檜山振興局中部にある日本海に面する町。
C267,1800,1100,上ノ国町（かみのくにちょう）は、北海道南部、檜山振興局管内最南端にある町。
C268,3000,1700,厚沢部町（あっさぶちょう）は、北海道南部、檜山振興局南東部にある檜山郡に属する町。
C269,2800,1100,乙部町（おとべちょう）は、北海道南部、檜山振興局中部にある日本海に面した町。
C270,2800,1600,奥尻町（おくしりちょう）は、北海道檜山振興局管内の奥尻郡にある町。
C271,3100,1400,今金町（いまかねちょう）は、北海道南部、檜山振興局北部にある町。
C272,4400,2200,せたな町（せたなちょう）は、北海道檜山振興局にある町。久遠郡に属する。
C273,1800,800,島牧村（しままきむら）は、北海道後志総合振興局管内の南部に位置する村。
C274,4400,2100,寿都町（すっつちょう）は、北海道後志総合振興局管内にある町。寿都郡に属す。
C275,3000,1500,黒松内町（くろまつないちょう）は、北海道後志総合振興局管内の南端にある町。
C276,3100,1300,蘭越町（らんこしちょう）は、北海道磯谷郡にある町。
C277,7200,3300,ニセコ町（ニセコちょう）は、北海道虻田郡にある町。ニセコ地域の一部を形成する。
C278,3600,1600,真狩村（まっかりむら）は、北海道後志総合振興局管内にある村。虻田郡に属する。
C279,2900,900,留寿都村（るすつむら）は、北海道後志総合振興局管内にある、虻田郡に属する村。
C280,2600,1000,喜茂別町（きもべつちょう）は、北海道後志総合振興局管内にある町。
C281,2700,1500,京極町（きょうごくちょう）は北海道後志総合振興局管内、羊蹄山（蝦夷富士）の麓にある町。
C282,2700,1100,共和町（きょうわちょう）は、北海道後志総合振興局管内の西部、岩内郡にある町。
C283,5500,2800,岩内町（いわないちょう）は、北海道後志総合振興局管内にある町。
C284,3300,1200,泊村（とまりむら）は、北海道後志総合振興局管内の古宇郡に属する村。
C285,1800,1100,神恵内村（かもえないむら）は、北海道後志総合振興局管内、古宇郡にある村。
C286,4600,2500,積丹町（しゃこたんちょう）は、北海道後志総合振興局管内にある日本海に面する町。
C287,2600,1400,古平町（ふるびらちょう）は、北海道西南部、積丹半島の北東側に位置する町。
C288,2400,1000,仁木町（にきちょう）は、北海道の後志総合振興局の北部に位置する町。
C289,5000,2800,余市町（よいちちょう）は、北海道後志総合振興局にある町。
C290,1800,800,赤井川村（あかいがわむら）は、北海道後志総合振興局管内、余市郡にある村。
C291,3700,2000,南幌町（なんぽろちょう）は、北海道空知総合振興局管内南部にある町。
C292,1800,1000,奈井江町（ないえちょう）は、北海道の空知地方中部に位置する町。
C293,2700,1100,上砂川町（かみすながわちょう）は、北海道の空知郡に属する町。上砂川炭田があり、かつて産炭地として他の空知炭田群とともに日本の資本主義経済を支えた。
C294,3000,1400,由仁町（ゆにちょう）は、北海道空知総合振興局管内、夕張郡にある町。
C295,3500,1600,長沼町（ながぬまちょう）は、北海道空知総合振興局管内南部にある町。
C296,4400,2400,栗山町（くりやまちょう）は、北海道空知総合振興局管内南部にある町。
C297,3300,1400,月形町（つきがたちょう）は、北海道空知総合振興局管内にある町。
C298,1800,800,浦臼町（うらうすちょう）は、北海道空知総合振興局管内にある町。
C299,4500,2200,新十津川町（しんとつかわちょう）は、北海道の空知地方中部にある町。
C300,3600,2100,妹背牛町（もせうしちょう）は、北海道空知総合振興局管内北部にある町。
C301,2500,1600,秩父別町（ちっぷべつちょう）は、北海道空知管内北部にある町。雨竜郡に属する。
C302,2500,1200,雨竜町（うりゅうちょう）は、北海道空知総合振興局管内雨竜郡に属する町。
C303,2400,900,北竜町（ほくりゅうちょう）は、北海道の空知総合振興局管内北部にある町。
C304,3500,1800,沼田町（ぬまたちょう）は、北海道空知管内北部にある町。雨竜郡に属する。
C305,2600,1300,鷹栖町（たかすちょう）は、北海道上川総合振興局にある町。
C306,2700,1700,東神楽町（ひがしかぐらちょう）は、北海道上川郡にある町。町内に旭川空港がある。
C307,2300,1200,当麻町（とうまちょう）は、北海道中央部の上川郡にある町。大雪山連峰の麓に位置している。
C308,2500,1300,比布町（ぴっぷちょう）は、北海道中央部・上川盆地にある町。中心産業は農業で、「ゆめぴりか」が育成・開発された北海道立総合研究機構農業研究本部上川農業試験場が所在する。
C309,2300,1000,愛別町（あいべつちょう）は、北海道上川地方中部の石狩国上川郡にある町。
C310,3500,1700,上川町（かみかわちょう）は、北海道上川地方中部、上川郡にある町。
C311,4200,2000,東川町（ひがしかわちょう）は、北海道上川総合振興局にある町。
C312,5100,2800,美瑛町（びえいちょう）は、北海道上川郡にある町。
C313,2500,1600,上富良野町（かみふらのちょう）は、北海道上川総合振興局にある町。
C314,2300,1500,中富良野町（なかふらのちょう）は、北海道のほぼ中央・富良野地区にある町。
C315,2500,1200,南富良野町（みなみふらのちょう）は、北海道空知郡にある町。
C316,6200,2400,占冠村（しむかっぷむら）は、北海道勇払郡にある村。
C317,2900,1300,和寒町（わっさむちょう）は、北海道の上川地方北部、上川郡にある町。
C318,2400,900,剣淵町（けんぶちちょう）は、北海道上川地方北部、天塩国上川郡にある町。
C319,2800,1500,下川町（しもかわちょう）は、北海道上川地方の天塩国上川郡にある町。
C320,3500,1500,美深町（びふかちょう）は、北海道の上川地方北部に位置する町。
C321,2900,1400,中川町（なかがわちょう）は、北海道の上川地方最北部に位置する町。
C322,4700,2700,幌加内町（ほろかないちょう）は、北海道上川管内西部にある町。もともとは旧・空知支庁の管轄であったが、隣接する上川管内との結びつきが強いことから、2010年（平成22年）4月1日に施
C323,4200,1900,増毛町（ましけちょう）は、北海道の北西部、留萌振興局管内南部にある町。
C324,2700,1100,小平町（おびらちょう）は北海道北西部の町。留萌郡に属する。
C325,4900,2500,苫前町（とままえちょう）は、北海道留萌管内中部に位置する町。
C326,4300,1900,羽幌町（はぼろちょう）は、北海道北西部の日本海沿岸に位置する町。
C327,3200,1200,初山別村（しょさんべつむら）は、北海道の北西部の日本海側沿岸、留萌振興局管内の中部にある苫前郡の村で、留萌振興局管内唯一の村である。
C328,2700,1500,遠別町（えんべつちょう）は、北海道留萌振興局管内の北部（天塩郡）にある町で、日本最北の水田所在地である。
C329,3200,1600,天塩町（てしおちょう）は、北海道の留萌地方北部（日本海側北西部／天塩郡）にある町で、北海道内第2位の長さで北海道遺産に選定されている大河、天塩川の河口に位置する。
C330,5500,2200,猿払村（さるふつむら）は、北海道宗谷管内北部に位置する村。オホーツク海に面する日本最北の村である。
C331,3600,1700,浜頓別町（はまとんべつちょう）は、北海道宗谷総合振興局中部に位置する町。
C332,2500,1500,中頓別町（なかとんべつちょう）は、北海道の宗谷総合振興局南部に位置する町。
C333,4600,2200,枝幸町（えさしちょう）は、北海道宗谷総合振興局管内の南部に位置する町。
C334,3700,2100,豊富町（とよとみちょう）は、北海道宗谷総合振興局管内の日本海側に位置する町。
C335,4700,2500,礼文町（れぶんちょう）は、北海道北部、稚内市沿岸の西方約60kmの礼文島にある町。
C336,2900,1600,利尻町（りしりちょう）は、北海道最北の宗谷地方、利尻島にある町。
C337,3500,1900,利尻富士町（りしりふじちょう）は、北海道最北の宗谷地方、利尻島にある町。
C338,4000,2300,幌延町（ほろのべちょう）は、北海道の北部、宗谷総合振興局管内の中西部にあり、日本海に面する町。
C339,4200,2200,美幌町（びほろちょう）は、北海道オホーツク総合振興局管内にある町。
C340,2800,1600,津別町（つべつちょう）は、北海道オホーツク総合振興局管内の網走郡にある町。
C341,4800,2200,斜里町（しゃりちょう）は、北海道オホーツク総合振興局管内の斜里郡にある町。
C342,2400,1100,清里町（きよさとちょう）は、北海道オホーツク総合振興局管内の斜里郡にある町。
C343,2400,900,小清水町（こしみずちょう）は、北海道オホーツク総合振興局管内の斜里郡にある町。
C344,2800,1400,訓子府町（くんねっぷちょう）は、北海道オホーツク総合振興局管内の常呂郡にある町。
C345,3100,1800,置戸町（おけとちょう）は、北海道オホーツク総合振興局にある常呂郡の町。
C346,2700,1700,佐呂間町（さろまちょう）は、北海道オホーツク総合振興局管内の常呂郡にある町。
C347,5600,2500,遠軽町（えんがるちょう）は、北海道オホーツク総合振興局管内、紋別郡にある町。
C348,3400,1900,湧別町（ゆうべつちょう）は、オホーツク総合振興局管内中部、オホーツク海沿岸に位置する町。
C349,2600,1000,滝上町（たきのうえちょう）は、北海道オホーツク総合振興局管内の北部に位置し、上川管内に接する町。
C350,1800,800,興部町（おこっぺちょう）は、北海道オホーツク総合振興局管内の北部に位置する町。
C351,2500,900,西興部村（にしおこっぺむら）は、北海道オホーツク総合振興局管内の北部に位置する村。
C352,3100,1800,雄武町（おうむちょう）は、北海道オホーツク総合振興局管内の北部に位置する町。
C353,1800,900,大空町（おおぞらちょう）は、北海道オホーツク総合振興局管内の、網走郡に属する町。
C354,2700,1700,豊浦町（とようらちょう）は、北海道胆振総合振興局の最も西に位置する町。
C355,1800,900,壮瞥町（そうべつちょう）は、北海道胆振総合振興局の西部に位置する。
C356,5300,2800,白老町（しらおいちょう）は、北海道の西南部に位置し、胆振総合振興局に属する町。
C357,3500,1700,厚真町（あつまちょう）は、北海道胆振総合振興局管内勇払郡にある町。
C358,4400,2500,洞爺湖町（とうやこちょう）は、北海道胆振総合振興局にある町。
C359,4500,2500,安平町（あびらちょう）は、北海道の胆振管内（いぶり）／勇払郡にあり、2006年（平成18年）に早来町（はやきた）と追分町が合併して新設された町である。
C360,3900,1900,むかわ町（むかわちょう）は、北海道胆振総合振興局東部に位置する勇払郡の町。
C361,6100,3200,日高町（ひだかちょう）は、北海道の日高振興局（旧・日高国）北部にある町。
C362,3400,1700,平取町（びらとりちょう）は、北海道の日高振興局管内にある町。
C363,4400,2100,新冠町（にいかっぷちょう）は、北海道の日高振興局中部にある町。
C364,5300,2900,浦河町（うらかわちょう）は、北海道の日高振興局管内にある町。日高振興局の所在地である。
C365,3200,1300,様似町（さまにちょう）は、北海道の日高振興局管内にある町。1952年（昭和27年）に町制施行。
C366,3900,2200,えりも町（えりもちょう）は、北海道中南部、日高振興局管内にある町。
C367,5100,2800,新ひだか町（しんひだかちょう）は、北海道日高振興局管内にある日高郡の町。
C368,5800,3000,音更町（おとふけちょう）は、北海道十勝総合振興局にある町。北海道内の町村の中では最も人口の多い町として知られる。
C369,2400,1300,士幌町（しほろちょう）は、北海道河東郡にある町。
C370,3100,1700,上士幌町（かみしほろちょう）は、北海道河東郡にある町。
C371,2500,1400,鹿追町（しかおいちょう）は、北海道河東郡にある町。
C372,3500,1800,新得町（しんとくちょう）は、北海道上川郡にある町。
C373,3400,1900,清水町（しみずちょう）は、北海道上川郡にある町。
C374,4000,1700,芽室町（めむろちょう）は、北海道河西郡にある町。町名は、アイヌ語の「メム・オロ・ペッ」（泉から流れている川）に由来している。
C375,3300,1700,中札内村（なかさつないむら）は、北海道十勝総合振興局にある村。
C376,2600,900,更別村（さらべつむら）は、北海道河西郡にある村である。
C377,3800,1700,大樹町（たいきちょう）は、北海道十勝総合振興局南部にある町。帯広市の南約60kmに位置する。
C378,3000,1400,広尾町（ひろおちょう）は、北海道十勝総合振興局南部にある町。
C379,4300,2100,幕別町（まくべつちょう）は、北海道中川郡にある町。2006年に旧・忠類村と合併した。
C380,1800,800,池田町（いけだちょう）は、北海道十勝総合振興局管内の中川郡にある町。
C381,2400,1000,豊頃町（とよころちょう）は、北海道十勝総合振興局管内の中川郡にある町。
C382,2500,1600,本別町（ほんべつちょう）は、北海道十勝総合振興局管内の中川郡にある町。
C383,5700,2900,足寄町（あしょろちょう）は、北海道十勝総合振興局管内の足寄郡にある町。
C384,4400,2100,陸別町（りくべつちょう）は、北海道十勝総合振興局管内の足寄郡にある町。
C385,1800,1000,浦幌町（うらほろちょう）は、北海道南東部、十勝総合振興局管内にある町。
C386,5100,2300,釧路町（くしろちょう）は、北海道釧路総合振興局にある町。釧路郡に属する。
C387,4700,2500,厚岸町（あっけしちょう）は、北海道釧路総合振興局にある町。
C388,4200,1800,浜中町（はまなかちょう）は、北海道釧路総合振興局管内の厚岸郡にある町。
C389,5300,2500,標茶町（しべちゃちょう）は、北海道釧路総合振興局管内の川上郡にある町。
C390,1800,1200,弟子屈町（てしかがちょう）は、北海道釧路総合振興局管内の川上郡にある町。
C391,2900,1300,鶴居村（つるいむら）は、北海道釧路総合振興局管内の阿寒郡にある村。
C392,1800,800,白糠町（しらぬかちょう）は、北海道東部、釧路総合振興局管内の白糠郡の町である。
C393,6400,3100,別海町（べつかいちょう）は、北海道根室振興局管内の野付郡にある町。
C394,6700,3200,中標津町（なかしべつちょう）は、北海道標津郡にある町。北海道東部に位置し、根室振興局が管轄する。
C395,1800,800,標津町（しべつちょう）は、北海道東部、根室振興局管内標津郡にある町。
C396,5000,2500,羅臼町（らうすちょう）は、北海道東部（道東）の根室振興局にある目梨郡の町。
C397,4200,2800,黒石市（くろいしし）は、青森県の市。十和田八幡平国立公園北西の玄関口に位置する。
C398,6900,4200,高さ23mの立佞武多が街を練り歩く
C399,5900,3700,十和田市（とわだし）は、青森県の南部地方、内陸部に位置する市。
C400,4900,2900,三沢市（みさわし）は、青森県の東部にある市。在日米軍三沢基地が所在し、そこに所属の軍人・軍属とその家族で約1万人も住む。
C401,1800,1300,つがる市（つがるし）は、青森県中西部の市。青森県内の平仮名市名としては、むつ市に次いで2例目。
C402,4600,2900,平川市（ひらかわし）は、青森県津軽地方の市。中南地域に属する。
C403,2900,1400,平内町（ひらないまち）は、青森県東津軽郡の夏泊半島に位置する町。
C404,2900,1500,今別町（いまべつまち）は、青森県の北部に位置する町である。東津軽郡に属す。
C405,2400,1300,蓬田村（よもぎたむら）は、青森県東津軽郡の南部に位置する村。東青地域に属する。
C406,3900,2100,外ヶ浜町（そとがはままち）は、青森県北部、津軽半島の北東部に位置し、東津軽郡に属する町。
C407,3900,2000,鰺ヶ沢町（あじがさわまち）は、青森県西部に位置する、日本海に面した西津軽郡の町。
C408,2900,1300,深浦町（ふかうらまち）は、青森県西津軽郡にある町。日本海に面する。
C409,2800,1400,西目屋村（にしめやむら）は青森県南西部に位置する村である。中津軽郡に属し、現在同郡で唯一の自治体となっている。
C410,2600,1500,藤崎町（ふじさきまち、津軽弁:ふんちゃぎ）は、青森県津軽平野の中央に位置する町。
C411,2900,1400,大鰐町（おおわにまち）は、青森県津軽地方の南端に位置する町。南津軽郡に属する。
C412,3600,1700,田舎館村（いなかだてむら）は、青森県中央部、津軽平野に位置する村。
C413,2600,1600,板柳町（いたやなぎまち）は、青森県北津軽郡の町。津軽平野のほぼ中央に位置しており、林野はほぼなく、リンゴと米作りを中心としている。
C414,1800,800,鶴田町（つるたまち）は、青森県の津軽平野にある町。津軽地方の他の市町村と同じくリンゴ栽培が盛んだが、ブドウの品種「スチューベン」生産量が日本一である。
C415,3000,1800,中泊町（なかどまりまち）は、青森県の津軽半島中央部に位置する町で、北津軽郡に属する。
C416,3800,1700,野辺地町（のへじまち）は、青森県下北半島の基部陸奥湾の湾頭に位置する町。
C417,1800,800,七戸町（しちのへまち）は、八甲田山の東側に位置する青森県上北郡の町。
C418,2500,1600,六戸町（ろくのへまち）は、青森県上北郡の東南部に位置する町。十和田市や三沢市などとともに上北地域に属する。
C419,3400,1800,横浜町（よこはままち）は、青森県下北半島の中間部、陸奥湾に面する町。
C420,3300,1600,東北町（とうほくまち）は、青森県上北郡にある町。三沢市などとともに上北地域に属する。
C421,1800,800,六ヶ所村（ろっかしょむら）は、青森県の下北半島太平洋岸に位置する村。
C422,3700,1700,おいらせ町（おいらせちょう）は、青森県東部、上北郡に属する町。
C423,4100,2100,本州最北端。一本釣りマグロは初競り億超えの伝説
C424,3700,1600,東通村（ひがしどおりむら）は、青森県の下北半島北東部にある村。
C425,1800,800,風間浦村（かざまうらむら）は、青森県下北半島北部の津軽海峡に面した本州最北の村。
C426,2800,1000,佐井村（さいむら）は、青森県下北半島の西側にある村。むつ市などとともに下北地域に属する。
C427,3000,1800,三戸町（さんのへまち）は、青森県三戸郡の南端、岩手県との境に位置する町。
C428,3400,1800,五戸町（ごのへまち）は、青森県の三戸郡の町。
C429,2400,1500,田子町（たっこまち）は、青森県三戸郡西南部に位置する町。同県最南の町で、南は岩手県、西は秋田県との境に接する。
C430,2900,1300,南部町（なんぶちょう）は、青森県三戸郡内の中央部に位置する町。
C431,2800,1200,階上町（はしかみちょう）は、青森県東南部に位置し岩手県との境を接する町。
C432,2800,1500,新郷村（しんごうむら）は、青森県東南部の南部地方の三戸郡に所在する村。
C433,7700,4600,大船渡市（おおふなとし）は、岩手県南部の太平洋沿岸地域に所在する市。
C434,7200,4300,宮沢賢治のふるさと。花巻温泉郷とわんこそば
C435,7000,4300,北上市（きたかみし）は、岩手県南西部にある市で、県南広域振興圏に位置する。
C436,5300,3000,海女の北限。琥珀の産地として日本一
C437,1800,800,一関市（いちのせきし）は、岩手県の最南端に位置する市。
C438,1800,1400,陸前高田市（りくぜんたかたし）は、岩手県南東部にある、太平洋に面する市。
C439,5900,3900,釜石市（かまいしし）は、岩手県南東部、三陸海岸の中心に位置する市。
C440,4900,2800,二戸市（にのへし）は、岩手県の内陸部北端に位置する市。奥羽山脈と北上山地の間に位置しており岩手県北の拠点都市である。
C441,1800,800,八幡平市（はちまんたいし）は、岩手県の北西部に位置する市。東北自動車道と八戸自動車道が分岐する交通の要所である。
C442,7900,4700,奥州市（おうしゅうし）は、岩手県の内陸南部に位置する市。ブランド牛肉の前沢牛や、観光施設のえさし藤原の郷で知られる。
C443,5400,3300,滝沢市（たきざわし）は、岩手県の西部に位置する市。盛岡広域振興圏の中心に位置しており、東は盛岡市、西は雫石町、北は八幡平市と接している。
C444,4700,2700,雫石町（しずくいしちょう）は、岩手県の中部に位置する町。岩手郡に属する。
C445,2700,1100,葛巻町（くずまきまち）は、岩手県の北部に位置する岩手郡に所在する町。
C446,2900,1700,岩手町（いわてまち）は、岩手県の中部から北部に位置する、岩手郡に所在する町。
C447,4000,1900,紫波町（しわちょう）は、岩手県紫波郡にある町。
C448,3800,1600,矢巾町（やはばちょう）は、岩手県のほぼ中心部に位置する紫波郡に属する町。
C449,4400,1900,西和賀町（にしわがまち）は、岩手県中西部にある町。和賀郡に属する。
C450,3500,1700,金ケ崎町（かねがさきちょう）は、岩手県南西内陸部の胆沢郡に属する町。
C451,2500,1100,住田町（すみたちょう）は、岩手県東南部に位置する気仙郡の町。
C452,3900,2000,大槌町（おおつちちょう）は、岩手県上閉伊郡に所在する町。東側で太平洋に面しており、三陸地方、三陸ジオパークの一部をなす。
C453,3100,1800,山田町（やまだまち）は、岩手県沿岸中部の三陸地方に位置する、太平洋に面する町。
C454,1800,1200,岩泉町（いわいずみちょう）は、岩手県の中央部から東部に位置する町。
C455,3000,1400,田野畑村（たのはたむら）は、日本の岩手県沿岸北部に位置する下閉伊郡に属する村。
C456,3200,1300,普代村（ふだいむら）は、岩手県にある太平洋に面した村であり、北緯40度線上世界最東端の地である。
C457,3100,1700,軽米町（かるまいまち）は、岩手県の北部に位置する町。九戸郡に属する。
C458,2300,800,野田村（のだむら）は、岩手県九戸郡に属している太平洋に面した村。
C459,2800,1000,九戸村（くのへむら）は、岩手県の北部に位置する村。1955年（昭和30年）に戸田村、伊保内村、江刺家村の合併により成立した。
C460,3100,1800,洋野町（ひろのちょう）は、岩手県沿岸部最北端の町。九戸郡に属し、三陸海岸および三陸地方の北部に位置する。
C461,3100,1500,一戸町（いちのへまち）は、岩手県二戸郡に属する町。
C462,6200,3800,生マグロ水揚げ日本トップ級。塩竈神社の門前港町
C463,5200,3400,白石市（しろいしし）は、宮城県南部の市。蔵王連峰のふもとに位置する。
C464,5300,3500,名取市（なとりし）は、宮城県の中央南部に位置する市。東北地方最大の都市である仙台市に隣接しており、市内には仙台空港がある。
C465,4500,3000,角田市（かくだし）は、宮城県の南部に位置する市。1958年（昭和33年）市制施行。
C466,5900,3900,多賀城市（たがじょうし）は、宮城県のほぼ中央に位置する市。仙台都市圏を構成する市町村の一つである。
C467,4500,2600,岩沼市（いわぬまし）は、宮城県南部に位置する市。太平洋沿岸、阿武隈川河口の北岸にある。
C468,6900,4600,登米市（とめし）は、宮城県の北部に位置する市。岩手県との県境にあり、登米郡8町と本吉郡津山町の合併によって2005年（平成17年）4月1日に誕生した。
C469,6900,4600,栗原市（くりはらし）は、宮城県北西部に位置する市。市全域で栗駒山麓ジオパークをなす。
C470,4100,2800,東松島市（ひがしまつしまし）は、宮城県の中部に位置する市。石巻市や女川町と石巻広域圏を構成する自治体である。
C471,7200,4400,こけしの鳴子温泉郷。ササニシキ発祥の地
C472,6000,4000,富谷市（とみやし）は、宮城県中部に位置する市。1970年代から仙台市の北側郊外のベッドタウンとして発展している。
C473,4400,1900,蔵王町（ざおうまち）は、宮城県の南部にある町で、刈田郡に属する。
C474,3200,1400,七ヶ宿町（しちかしゅくまち）は、宮城県南西部に位置し、刈田郡に属する町。
C475,3700,2100,大河原町（おおがわらまち）は、宮城県南部の柴田郡に属する町。奥州街道の宿場町として栄えた町であり「仙南の商都」として発展してきた。
C476,2500,1100,村田町（むらたまち）は、宮城県柴田郡にある町。
C477,3100,1800,柴田町（しばたまち）は、宮城県柴田郡にある町。県の地域区分では仙南地域（仙南圏）に含まれ、一方で都市圏としては仙台都市圏に含まれる。
C478,2600,1000,川崎町（かわさきまち）は、宮城県南西部の町。柴田郡に属する。
C479,3000,1600,丸森町（まるもりまち）は、宮城県の伊具郡に属する町。県の最南端に位置する。
C480,3800,1700,亘理町（わたりちょう）は、宮城県南部の亘理郡に属する町。東は太平洋に面しており、西には阿武隈高地、北には阿武隈川が位置する。
C481,2700,1200,山元町（やまもとちょう）は、宮城県東南端の太平洋沿岸に位置する町。
C482,3500,1900,七ヶ浜町（しちがはままち）は、宮城県中部の太平洋沿岸に位置する町。
C483,5200,2700,利府町（りふちょう）は、宮城県中部に位置し、宮城郡に属する町。
C484,4400,1900,大和町（たいわちょう）は、宮城県中部、黒川郡に属する町。2010年代の全国の市区町村で人口減少傾向のところが多い中で、人口増加率が高い。
C485,2400,1400,大郷町（おおさとちょう）は、宮城県中部の黒川郡に位置する町。1954年（昭和29年）に大谷村、粕川村、大松沢村の3村が合併して町制を施行した。
C486,3800,1300,大衡村（おおひらむら）は、宮城県中部、黒川郡に位置する村。県下唯一の村である。
C487,2500,1200,色麻町（しかまちょう）は、宮城県北西部加美郡に属する町。宮城県北西部に位置する農業の町で、大崎地方に属する。
C488,3300,1500,加美町（かみまち）は、宮城県の北西部に位置する町。2003年（平成15年）4月に小野田町、中新田町、宮崎町の3町が合併して誕生した。
C489,3300,1600,涌谷町（わくやちょう）は、宮城県北東部の遠田郡に位置し、大崎地方に属する町。
C490,3300,2000,美里町（みさとまち）は、宮城県北部の大崎地方に属する遠田郡の町。
C491,4800,2700,女川町（おながわちょう）は、宮城県牡鹿郡に属する太平洋沿岸に位置する町。
C492,4300,2300,南三陸町（みなみさんりくちょう）は、宮城県北東部の三陸海岸南部に位置する町。
C493,5700,3600,能代市（のしろし）は、秋田県の北部に位置し、日本海に面する市。
C494,7200,4400,かまくらと横手焼きそば。日本有数の豪雪都市
C495,1800,1000,大館市（おおだてし）は、秋田県北部に位置する市。市の北境で青森県と接している。
C496,1800,1300,鹿角市（かづのし）は、秋田県の北東端部に位置する市。青森県や岩手県と境を接する。
C497,1800,1400,由利本荘市（ゆりほんじょうし）は、秋田県の南西部にある市。2005年（平成17年）3月に本荘市、由利郡矢島町、岩城町、由利町、西目町、鳥海町、東由利町、大内町が合併し誕生した。
C498,1800,800,潟上市（かたがみし）は、秋田市の北西、男鹿市の南東に位置する市。
C499,7000,4400,日本三大花火「大曲の花火」に全国の花火師が集う
C500,5500,3600,北秋田市（きたあきたし）は、秋田県北部に位置する市。2005年（平成17年）3月22日に北秋田郡の鷹巣町、合川町、森吉町、阿仁町の4町が合併して発足した。
C501,5800,3700,にかほ市（にかほし）は、秋田県の南西部に位置する市。2005年（平成17年）10月1日に仁賀保町、金浦町、象潟町が合併して誕生した。
C502,3300,1400,小坂町（こさかまち）は、秋田県鹿角郡にある町。東南は鹿角市、西は大館市、北は青森県と接している。
C503,5700,2300,上小阿仁村（かみこあにむら）は、秋田県の中央部に位置する村。秋田杉の産地として知られ、村の総面積の92.7%が山林原野で、村の森林の73%が国有林である。
C504,2600,1200,藤里町（ふじさとまち）は秋田県の北端に位置する町。白神山地の南側に位置し、町の北西部県境にある白神山地は世界遺産に登録され、登録区域の約4分の1（秋田県側のすべて）が藤里町の町域内
C505,2700,1600,三種町（みたねちょう）は、秋田県の北西部に位置し、山本郡に属する町。
C506,2400,1500,八峰町（はっぽうちょう）は、秋田県の北西部に位置し、山本郡に属する町。
C507,3000,1200,五城目町（ごじょうめまち）は、秋田県の中央部に位置する町で、南秋田郡に属する。
C508,1800,800,八郎潟町（はちろうがたまち）は、秋田県の北西部に位置し、南秋田郡に属する町。
C509,2200,800,井川町（いかわまち）は、秋田県の中央部に位置する町。町並みは出羽丘陵に源を発して八郎潟（残存湖）に注ぐ井川に沿って形成されている。
C510,5600,2300,大潟村（おおがたむら）は、秋田県北西部の男鹿半島の付け根に位置する村。
C511,3000,1600,美郷町（みさとちょう）は、秋田県の仙北郡にある町（地方公共団体）。
C512,3000,1300,羽後町（うごまち）は、秋田県の南部に位置する町。出羽丘陵の峰境で雄物川水系に属する東部地区と子吉川水系に属する西部地区に分かれる。
C513,4600,2200,東成瀬村（ひがしなるせむら）は、秋田県の南東端の村。奥羽山脈の麓に位置し、栗駒国定公園を擁する。
C514,7300,4300,上杉家の城下町。米沢牛は日本三大和牛の一角
C515,7400,4500,北前船で栄えた湊町。山居倉庫とおしんの舞台
C516,5500,3400,新庄市（しんじょうし）は、山形県の北東にある市。最上地域の中心都市であり、新庄市を中核に最上生活圏を形成している。
C517,4600,2700,上山市（かみのやまし）は、山形県村山地方の南東部にある市。市の北側は県庁所在地である山形市に接する。
C518,3500,1900,村山市（むらやまし）は、山形県中央部にある人口約2万1千人の市。
C519,4600,3200,長井市（ながいし）は、山形県の南部にある人口約2万5千人の市。
C520,4600,3100,東根市（ひがしねし）は、山形県中央東部にある市。
C521,4800,2900,尾花沢市（おばなざわし）は、山形県の北東部、村山地方に位置する市。
C522,4900,3000,南陽市（なんようし）は、山形県の南東にある人口約3万人の市。赤湯温泉や鶴の恩返しの民話が伝わる里として知られる。
C523,2400,1200,山辺町（やまのべまち）は、山形県のやや南東部に位置する、人口約1万3千人の町。
C524,2200,1000,中山町（なかやままち）は、山形県の中央部にある人口約1万1千人の町。
C525,3200,1900,河北町（かほくちょう）は、山形県のほぼ中央部にある人口約1万7千人の町。
C526,2900,1300,西川町（にしかわまち）は、山形県の中央部にある人口約4千人の町。
C527,2200,1100,朝日町（あさひまち）は、山形県の中央部にある西村山郡の町。キャッチフレーズは「りんごとワインの里」。
C528,2500,1600,大江町（おおえまち）は、山形県の中央部にある人口約6千人の町。
C529,1800,800,大石田町（おおいしだまち）は、山形県の北東にある人口約6千人の町。
C530,1800,1100,金山町（かねやままち）は、山形県の北東部にある町で、最上郡に属する。
C531,2400,1500,最上町（もがみまち）は、山形県北東部にある町。
C532,2200,1100,舟形町（ふながたまち）は、山形県の北部にある人口約5千人の町。
C533,2400,1400,真室川町（まむろがわまち）は、山形県の北部にある人口約6千人の町。
C534,2300,800,大蔵村（おおくらむら）は、山形県の北部、最上地方の南部にある人口約2千人の村。
C535,2300,800,鮭川村（さけがわむら）は、山形県内陸部北部にある村。最上地方の最上郡に属する。
C536,2700,800,戸沢村（とざわむら）は、山形県最上郡にある村。1955年（昭和30年）4月1日に旧・古口村、旧・戸沢村、角川村が合併して古口村となり、同年5月1日に古口村から戸沢村に改称して成立し
C537,3400,1800,高畠町（たかはたまち）は、山形県南東の東置賜郡にある人口約2万人の町。
C538,2300,1500,川西町（かわにしまち）は、山形県の南部にある人口約1万3千人ほどの町で、東置賜郡に属する。
C539,3900,2000,小国町（おぐにまち）は、山形県の南西部にある人口約6千人の町。
C540,2500,1400,白鷹町（しらたかまち）は、山形県の南部にある人口約1万1千人の町。
C541,2800,1700,飯豊町（いいでまち）は、山形県の南部にある人口約6千人の町。西置賜郡に属す。
C542,2300,900,三川町（みかわまち）は、山形県の北西部にある人口約7400人の町。
C543,3600,1600,庄内町（しょうないまち）は、山形県東田川郡の町。庄内地方中央に位置し、酒田都市圏の一部である。
C544,3800,2000,遊佐町（ゆざまち）は、山形県の最北部に位置し、日本海に面する人口約1万2千人の町。
C545,6400,4000,白河ラーメンと小峰城。みちのくの玄関口
C546,6000,3400,須賀川市（すかがわし）は、福島県の中通り中部にある市。郡山都市圏に属している。
C547,6100,4000,人口比ラーメン店数日本一。朝ラー文化の聖地
C548,4800,3200,相馬市（そうまし）は、福島県浜通りの北部に位置する市。太平洋沿岸の都市で、松川浦や相馬野馬追で有名である。
C549,5200,3100,智恵子のふるさと。提灯祭りと菊人形
C550,4400,2900,田村市（たむらし）は、福島県中通り中部に位置する市。
C551,5500,3700,南相馬市（みなみそうまし）は、福島県浜通り北部に位置する市。相双地方で最多の人口を有する。
C552,6100,3500,伊達市（だてし）は、福島県中通り北部に位置する市。
C553,3900,2700,本宮市（もとみやし）は、福島県中通り北部に位置する市。
C554,3000,1400,桑折町（こおりまち）は、福島県中通り北部に位置し、伊達郡に属する町。
C555,2600,1100,国見町（くにみまち）は、福島県中通り北部に位置し、伊達郡に属する町。
C556,2600,1200,川俣町（かわまたまち）は、福島県中通りに位置し、伊達郡に属する町。
C557,2500,900,大玉村（おおたまむら）は、福島県中通りに位置する村。安達郡に属する唯一の自治体である。
C558,2300,1300,鏡石町（かがみいしまち）は、福島県中通りに位置し、岩瀬郡に属する町。
C559,3200,1600,天栄村（てんえいむら）は、福島県中通りに位置し、岩瀬郡に属する村。
C560,2600,1100,下郷町（しもごうまち）は、福島県会津地方に位置し、南会津郡に属する町。
C561,7200,3100,檜枝岐村（ひのえまたむら）は、福島県会津地方南西部（奥会津）に位置し、南会津郡に属する村。
C562,3700,1800,只見町（ただみまち）は、福島県会津地方（奥会津）に位置し、南会津郡に属する町。
C563,4100,2300,南会津町（みなみあいづまち）は、福島県会津地方（奥会津）に位置し、南会津郡に属する町。
C564,2600,1300,北塩原村（きたしおばらむら）は、福島県会津地方北部に位置し、耶麻郡に属する村。
C565,1800,800,西会津町（にしあいづまち）は、福島県会津地方北西部に位置し、耶麻郡に属する町。
C566,2400,900,磐梯町（ばんだいまち）は、福島県会津地方中部に位置し、耶麻郡に属する町。
C567,4300,2200,猪苗代町（いなわしろまち）は、福島県の会津地方に位置し、耶麻郡に属する町。
C568,3400,1700,会津坂下町（あいづばんげまち）は、福島県会津地方に位置し、河沼郡に属する町。
C569,2200,800,湯川村（ゆがわむら）は、福島県会津地方中部に位置し、河沼郡に属する村。
C570,2400,900,柳津町（やないづまち）は、福島県会津地方（奥会津）に位置し、河沼郡に属する町。
C571,2200,800,三島町（みしままち）は、福島県会津地方中西部（奥会津）に位置し、大沼郡に属する町。
C572,2800,1600,金山町（かねやままち）は、福島県奥会津地方に位置し、大沼郡に属する町。
C573,2800,1500,昭和村（しょうわむら）は、福島県会津地方（奥会津）に位置し、大沼郡に属する村。
C574,2900,1500,会津美里町（あいづみさとまち）は、福島県大沼郡に属する町。会津地方に含まれる。
C575,5000,1800,西郷村（にしごうむら）は、福島県中通りに位置し、西白河郡に属する村。
C576,2200,1100,泉崎村（いずみざきむら）は、福島県中通りに位置し、西白河郡に属する村。
C577,1800,900,中島村（なかじまむら）は、福島県中通り南部に位置し、西白河郡に属する村。
C578,2800,1200,矢吹町（やぶきまち）は、福島県中通り南部に位置し、西白河郡に属する町。
C579,3300,1600,棚倉町（たなぐらまち）は、福島県中通り南部に位置し、東白川郡に属する町。
C580,3200,1900,矢祭町（やまつりまち）は、福島県中通りに位置し、東白川郡に属する町。
C581,2400,1000,塙町（はなわまち）は、福島県中通りに位置し、東白川郡に属する町。
C582,2300,1100,鮫川村（さめがわむら）は、福島県中通り南部に位置し、東白川郡に属する村。
C583,3000,1700,石川町（いしかわまち）は、福島県石川郡に属する町。中通り南部に位置する。
C584,2200,800,玉川村（たまかわむら）は、福島県中通り中部に位置し、石川郡に属する村。
C585,2300,1300,平田村（ひらたむら）は、福島県中通り東部に位置し、石川郡に属する村。
C586,1800,1000,浅川町（あさかわまち）は、福島県石川郡に属する町。中通り南部に位置する。
C587,2300,1200,古殿町（ふるどのまち）は、福島県中通り南東部に位置し、石川郡に属する町。
C588,3700,2000,三春町（みはるまち）は、福島県中通り中部に位置し、田村郡に属する町。
C589,1800,900,小野町（おのまち）は、福島県中通り中部に位置し、田村郡に属する町。
C590,2400,1500,広野町（ひろのまち）は、福島県浜通りに位置し、双葉郡（1896年以前は楢葉郡）に属する町。
C591,3100,1800,楢葉町（ならはまち）は、福島県浜通りに位置し、双葉郡に属する町。
C592,3900,1800,富岡町（とみおかまち）は、福島県浜通りに位置し、双葉郡に属する町。
C593,2400,1200,川内村（かわうちむら）は、福島県浜通りに位置し、双葉郡に属する村。
C594,5100,2900,大熊町（おおくままち）は、福島県浜通りに位置し、双葉郡（1896年以前は標葉郡）に属する町。
C595,1800,1200,双葉町（ふたばまち）は、福島県の浜通りにある町。双葉郡（1896年以前は標葉郡）に属する。
C596,6100,3400,浪江町（なみえまち）は、福島県浜通りに位置し、双葉郡（1896年以前は標葉郡）に属する町。
C597,2800,1300,葛尾村（かつらおむら）は、福島県浜通りに位置し、双葉郡に属する村。
C598,2400,1300,新地町（しんちまち）は、福島県浜通りに位置し、相馬郡に属する町。
C599,3100,1400,飯舘村（いいたてむら）は、福島県浜通りに位置し、相馬郡（1896年以前は行方郡）に属する村。
C600,7500,4400,日立市（ひたちし）は、茨城県の北東部、県北地域にある太平洋に臨む市。
C601,7400,4900,日本三大花火の土浦全国花火競技大会。霞ヶ浦のほとり
C602,7600,5000,古河市（こがし）は、関東地方のほぼ中央、茨城県の西端に位置する市。
C603,1800,900,石岡市（いしおかし）は、関東地方北東部、茨城県の県南地域の市。
C604,4900,2800,結城市（ゆうきし）は、茨城県県西地域に位置する市。常総台地の一部である結城台地と呼ばれる地域にある。
C605,6300,4200,龍ケ崎市（りゅうがさきし）は、茨城県南部、県南地域に位置する市。
C606,4900,2700,下妻市（しもつまし）は、茨城県西部の県西地域に位置する市。東京都心から約60km圏にある田園都市である。
C607,7000,4300,常総市（じょうそうし）は、茨城県南西部の県西地域にある市。2006年（平成18年）1月1日付で水海道市と石下町が合併して発足し、2026年1月1日に市制施行20周年を迎える。
C608,5300,3000,常陸太田市（ひたちおおたし）は、茨城県の東北部の県北地域にある市。
C609,4200,2700,高萩市（たかはぎし）は、茨城県北東部の県北地域に位置する市。東は太平洋に面し、西は阿武隈山地（多賀山地）の山間部となっている。
C610,1800,1400,北茨城市（きたいばらきし）は、関東地方の北部、茨城県北東部の県北地域にある市。
C611,5700,3300,笠間焼と日本三大稲荷の笠間稲荷神社
C612,6300,3700,取手市（とりでし）は、茨城県の県南地域に位置する市。東京都市圏。
C613,6000,3800,牛久市（うしくし）は、茨城県南部の県南地域に位置する市。旧稲敷郡。
C614,7200,4700,ひたちなか市（ひたちなかし）は、茨城県の県央地域に位置する市。
C615,7000,4600,鹿嶋市（かしまし）は、茨城県南東部の鹿行地域に位置する市。
C616,6000,3500,潮来市（いたこし）は、茨城県南東部の鹿行地域に位置する市。
C617,6000,3700,守谷市（もりやし）は、茨城県南地域に位置する市。常総台地から枝状に伸びる猿島台地の先端部にあたる。
C618,5000,3200,常陸大宮市（ひたちおおみやし）は、茨城県北西部の県北地域に位置する市。
C619,5100,3200,那珂市（なかし）は、茨城県県央地域にある市。2005年（平成17年）市制施行。
C620,6800,3900,筑西市（ちくせいし）は、茨城県の県西地域北部に位置する市。つくば市の北西約25 km地点の筑波山の西側に位置する。
C621,6200,3700,坂東市（ばんどうし）は、茨城県西部の県西地域に位置する市。常総都市圏に属する（後述の経済項も参考）。
C622,5100,3500,稲敷市（いなしきし）は、茨城県の県南地域に位置する市。2005年（平成17年）3月22日の合併により誕生した。
C623,4200,2300,かすみがうら市（かすみがうらし）は、茨城県の県南地域に位置する市。
C624,5600,3400,桜川市（さくらがわし）は、茨城県西地域に位置する市。2005年10月1日に西茨城郡岩瀬町、真壁郡真壁町、大和村が合併し誕生。
C625,7400,4900,神栖市（かみすし）は、茨城県の鹿行地域にある市。県の最東南端に位置し、千葉県と接する。
C626,6100,3500,鉾田市（ほこたし）は、茨城県南東部の鹿行地域にある市。
C627,6600,4000,つくばみらい市（つくばみらいし）は、茨城県の県南地域に位置する市。
C628,5700,3800,小美玉市（おみたまし）は、茨城県中南部の県央地域にある市。
C629,3400,1900,茨城町（いばらきまち）は、茨城県中部・県央地域に位置し、東茨城郡に属する町。
C630,3700,1900,城里町（しろさとまち）は、茨城県西北部の県央地域に位置し、東茨城郡に属する町。
C631,6800,2800,東海村（とうかいむら）は、茨城県県央地域の村。那珂郡に属し、同郡を構成する唯一の町村でもある。
C632,4700,2300,大子町（だいごまち）は、茨城県の県北地域西部に位置し、久慈郡に属する町。
C633,4700,2200,美浦村（みほむら）は、茨城県南部の県南地域、稲敷郡にある霞ヶ浦に面した村。
C634,6500,3000,阿見町（あみまち）は、茨城県の県南地域に位置する町で、稲敷郡に属する。
C635,3600,1900,河内町（かわちまち）は、茨城県の県南地域、稲敷郡にある町。東京都市圏（東京通勤圏）。
C636,3000,1600,八千代町（やちよまち）は、茨城県の県西地域、結城郡にある町。関東平野のほぼ中央、茨城県南西部に位置する。
C637,4900,2400,五霞町（ごかまち）は、茨城県西南端の県西地域に位置する猿島郡にある町。
C638,5600,2600,境町（さかいまち）は茨城県西地域の猿島郡にある町。利根川と江戸川の分岐点に位置する。
C639,3700,1800,利根町（とねまち）は、茨城県南部の県南地域に位置する町。利根川を挟んで千葉県と接する。
C640,7300,4500,栃木市（とちぎし）は、栃木県の南部にある人口約15万人の市。栃木県内人口は宇都宮市、小山市に次ぐ第3位。
C641,6600,3800,青竹打ちの佐野ラーメンと厄除け大師
C642,5900,3800,鹿沼市（かぬまし）は、栃木県の中部に位置する市。1948年（昭和23年）市制施行。
C643,1800,1200,小山市（おやまし）は、栃木県南部に位置する市。市域は関東大都市圏に含まれ、首都圏整備法第2条第5項に規定する都市開発区域（小山地区）となっている。
C644,5900,3800,真岡市（もおかし）は、栃木県の南東部に位置する市。旧芳賀郡。1954年（昭和29年）市制施行。
C645,1800,1100,大田原市（おおたわらし）は、栃木県の北東部に位置する市。
C646,4200,2700,矢板市（やいたし）は、栃木県北部に位置する市。栃木県庁塩谷庁舎が設置される等、行政上栃木県塩谷地区の中心となる市である。
C647,5600,3800,さくら市（さくらし）は、栃木県の中部（塩谷地区）に位置する市。
C648,4400,2400,那須烏山市（なすからすやまし）は、栃木県の東部に位置する市。
C649,5700,3300,下野市（しもつけし）は、栃木県南部に位置する人口約6万人の市。
C650,4000,1700,上三川町（かみのかわまち）は、栃木県南東部に位置し、河内郡に属する町。
C651,3900,1700,益子焼の窯元が集う陶芸の聖地。春秋の陶器市は大賑わい
C652,3200,1400,茂木町（もてぎまち）は、栃木県南東部に位置し、芳賀郡に属する町。
C653,2500,1300,市貝町（いちかいまち）は、芳賀郡に属し、栃木県南東部に位置する町。
C654,3200,1400,芳賀町（はがまち）は、栃木県南東部に位置し、芳賀郡に属する町。
C655,5900,2700,壬生町（みぶまち）は、栃木県の県央南部に位置し、下都賀郡北部に属する人口約4万人の町。
C656,3900,2000,野木町（のぎまち）は、栃木県南部に位置し、下都賀郡に属する町。
C657,1800,800,塩谷町（しおやまち）は、栃木県北部に位置し、塩谷郡に属する町。
C658,3300,1400,高根沢町（たかねざわまち）は、栃木県中央東部に位置し、塩谷郡に属する町。
C659,1800,800,那須町（なすまち）は、栃木県北東部に位置し、那須郡に属する町。
C660,3600,1900,那珂川町（なかがわまち）は、栃木県の北東部に位置し、那須郡に属する町。
C661,7600,4800,桐生市（きりゅうし）は、群馬県南東部にある市。旧山田郡・足利郡・安蘇郡・勢多郡。
C662,7600,4500,伊勢崎市（いせさきし）は、群馬県の南部に位置する市。施行時特例市に指定されている。
C663,7700,5100,太田市（おおたし）は、群馬県の南部、東毛地区にある市。人口は約22万人で、県内では高崎市、前橋市に続き3番目に多い。
C664,7400,4500,沼田市（ぬまたし）は、群馬県北部の市。群馬県内にある12の市のうち最も北に位置する市である。
C665,6200,3900,館林市（たてばやしし）は、群馬県南東部にある市。昭和の大合併（1954年）に旧邑楽郡の1町7村が合併して市制施行。
C666,5800,3300,石段街の伊香保温泉。日本のまんなかを名乗る
C667,5000,3400,藤岡市（ふじおかし）は、群馬県の南西部に位置する市。1954年（昭和29年）市制施行。
C668,4100,2200,富岡市（とみおかし）は、群馬県南西部の市。2006年（平成18年）3月27日に旧富岡市と妙義町が合併して誕生した。
C669,5500,3200,安中市（あんなかし）は、群馬県南西部に位置する市。
C670,5900,3900,みどり市（みどりし）は、群馬県東部（東毛地域）に位置する市。2006年（平成18年）3月27日に、新田郡笠懸町、山田郡大間々町、勢多郡東村の2町1村が合併し発足。
C671,3700,1800,榛東村（しんとうむら）は、群馬県のほぼ中央部、榛名山の東麓にある村。
C672,2700,1400,吉岡町（よしおかまち）は、群馬県のほぼ中央、北群馬郡に属する町。
C673,6000,2400,上野村（うえのむら）は、群馬県の南西部（最南端）に位置する、多野郡に存在する村。
C674,1800,800,神流町 （かんなまち）は、群馬県南西部、多野郡にある町。町名は神流川に因む。
C675,1800,900,下仁田町（しもにたまち）は、群馬県の南西部にある町。甘楽郡に属し、下仁田ネギ、下仁田こんにゃくの産地でも有名。
C676,4700,2200,南牧村（なんもくむら）は、群馬県甘楽郡の村。高齢化率日本一の自治体である。
C677,3400,1600,甘楽町（かんらまち）は、群馬県の西南部、甘楽郡に属する町。
C678,4800,2700,中之条町（なかのじょうまち）は、群馬県北西部、吾妻郡にある町。
C679,2800,1100,長野原町（ながのはらまち）は、群馬県の北西部、吾妻郡西部にある町。
C680,7000,3100,嬬恋村（つまごいむら）は、群馬県の西端に位置する村。吾妻郡に属する。
C681,2400,900,高山村（たかやまむら）は、群馬県中北部にある村。吾妻郡の東端に位置し、ほぼ四方を山に囲まれる山村である。
C682,3600,1900,東吾妻町（ひがしあがつままち）は、群馬県吾妻郡の町。
C683,3900,1800,片品村（かたしなむら）は、群馬県の北北東に位置し、利根郡に属する村。
C684,2800,900,川場村（かわばむら）は、群馬県利根郡の村。
C685,2700,1400,昭和村（しょうわむら）は、群馬県の北部にある村。利根郡に属する。
C686,3700,1600,玉村町（たまむらまち）は、群馬県南部にある佐波郡に属する町。佐波郡に属する唯一の自治体である。
C687,3400,1500,板倉町（いたくらまち）は、群馬県南東部最東端に位置し、邑楽郡に属する町。
C688,3100,1800,明和町（めいわまち）は、群馬県南東部に位置し、邑楽郡に属する町。
C689,2600,1200,千代田町（ちよだまち）は、群馬県南東部、邑楽郡の人口約1万の町。
C690,4900,2400,大泉町（おおいずみまち）は、群馬県邑楽郡の町。太田都市圏に属する。
C691,4300,2400,邑楽町（おうらまち）は、群馬県邑楽郡の町。
C692,7700,4600,最高気温41.1℃を記録した日本一暑い街の一角
C693,7900,4600,川口市（かわぐちし）は、埼玉県の南東部に位置する市。中核市・保健所政令市に指定されている。
C694,6900,4200,行田市（ぎょうだし）は、埼玉県の北部に位置し、県の区分けでは東部に位置する市。
C695,7800,5100,所沢市（ところざわし）は、埼玉県の南部に位置し、県の区分けでは西部地域に位置する市。
C696,7000,4600,飯能市（はんのうし）は、埼玉県の南西部に位置する市。
C697,1800,1100,加須市（かぞし）は、埼玉県の利根地域（北東部）に位置する市。旧北埼玉郡。
C698,6200,3500,本庄市（ほんじょうし）は、埼玉県の北西部に位置する市。首都圏整備法第2条第5項に規定する都市開発区域（平成の大合併前の旧本庄市）、地方拠点都市に指定されている。
C699,6400,4300,東松山市（ひがしまつやまし）は、埼玉県の中部に位置する市。1954年（昭和29年）市制施行。
C700,6700,4000,狭山市（さやまし）は、埼玉県の南部に位置する市。
C701,4600,2600,羽生市（はにゅうし）は、埼玉県の北東部に位置する市。
C702,6800,3900,鴻巣市（こうのすし）は、埼玉県の県央部に位置する市。人口は約11万6千人。
C703,6500,3700,深谷市（ふかやし）は、埼玉県の北部に位置する市。
C704,7200,4400,上尾市（あげおし）は、埼玉県の中東部の県央地域に位置する市。
C705,7100,4600,草加市（そうかし）は、埼玉県の南東部に位置する市。施行時特例市に指定されている。
C706,7700,4600,越谷市（こしがやし）は、埼玉県の南東部に位置する市。面積は60.24平方キロ（東西8.6キロ、南北11.5キロ）。
C707,7800,4900,蕨市（わらびし）は、埼玉県の南東部に位置する市。人口は約7万5千人。
C708,6600,3900,戸田市（とだし）は、埼玉県の南東部に位置する市。荒川を境に東京都と接する。
C709,6600,4400,入間市（いるまし）は、埼玉県の南西部に位置する市。人口は約14万3千人。
C710,7200,4700,朝霞市（あさかし）は、埼玉県の南東部に位置する市。
C711,5700,3700,志木市（しきし）は、埼玉県の南西部 に位置する市。地名は隣接する新座市と共に新羅郡に由来する。
C712,6700,4000,和光市（わこうし）は、埼玉県の南部に位置する市。国立理化学研究所の本部などが所在する。
C713,6800,4200,新座市（にいざし）は、埼玉県の南部に位置する市。地名は隣接する志木市と共に新座郡に由来する。
C714,1800,1300,桶川市（おけがわし）は、埼玉県の県央部に位置する人口約7万4千人の市。
C715,7000,4300,鷲宮神社はらき☆すた聖地巡礼の元祖
C716,4300,3000,北本市（きたもとし）は、埼玉県の県央部に位置する市。人口は約6万5千人。
C717,7900,5000,八潮市（やしおし）は、埼玉県の南東部に位置する市。人口は約9万人。
C718,5400,3000,富士見市（ふじみし）は、埼玉県の南西部に位置する市。
C719,7000,4300,三郷市（みさとし）は、埼玉県の南東部に位置する市。東京都区部に隣接する市では、最も人口密度が低い。
C720,4800,2700,蓮田市（はすだし）は、埼玉県の東部に位置する市。
C721,6000,3600,坂戸市（さかどし）は、埼玉県の中部に位置する市。
C722,5200,3500,幸手市（さってし）は、埼玉県の東部に位置する市。人口は約5万人。
C723,5700,3800,鶴ヶ島市（つるがしまし）は、埼玉県西部に位置する市。人口は約7万人。
C724,1800,1100,日高市（ひだかし）は、埼玉県の南西部に位置する市。その西部には丘陵や山岳が連なり、一部は県立奥武蔵自然公園に指定されている。
C725,5300,3500,吉川市（よしかわし）は、埼玉県の南東部に位置する市。人口は約7万人。
C726,6200,3800,ふじみ野市（ふじみのし）は、埼玉県の南西部に位置する市。
C727,5900,3600,白岡市（しらおかし）は、埼玉県の東部に位置する市。
C728,4600,2500,伊奈町（いなまち）は、埼玉県の東部に位置し、北足立郡に属する町。
C729,1800,900,三芳町（みよしまち）は、埼玉県の南西部に位置し、入間郡に属する町。
C730,4700,2600,毛呂山町（もろやままち）は、埼玉県の西部に位置し、入間郡に属する町。
C731,4100,2200,越生町（おごせまち）は、埼玉県の中部に位置し、入間郡に属する町。
C732,3200,1800,滑川町（なめがわまち）は、埼玉県の中部に位置し、比企郡に属する町。
C733,4300,2200,嵐山町（らんざんまち）は、埼玉県の中部に位置し、比企郡に属する町。
C734,5000,2700,小川町（おがわまち）は、埼玉県の中部に位置し、比企郡に属する町。
C735,4200,2300,川島町（かわじままち）は、埼玉県の中部に位置し、比企郡に属する町。
C736,4100,1900,吉見町（よしみまち）は、埼玉県の中部に位置し、比企郡に属する町。
C737,5100,2400,鳩山町（はとやままち）は、埼玉県の中部に位置し、比企郡に属する町。
C738,4100,2400,ときがわ町（ときがわまち）は、埼玉県の中部に位置し、比企郡に属する町。
C739,2700,1200,横瀬町（よこぜまち）は、埼玉県の西部に位置し、秩父郡に属する町。
C740,3400,1500,皆野町（みなのまち）は、埼玉県の西部に位置し、秩父郡に属する町。
C741,3800,1800,ライン下りと岩畳。地球の窓と呼ばれる地質の宝庫
C742,4000,1800,小鹿野町（おがのまち）は、埼玉県の南西部に位置し、秩父郡に属する町。
C743,3600,1800,東秩父村（ひがしちちぶむら）は、埼玉県の中央部に位置し、秩父郡に属する村。
C744,2700,1700,美里町（みさとまち）は、埼玉県の北西部に位置し、児玉郡に属する町。
C745,3200,1600,神川町（かみかわまち）は、埼玉県の北西部に位置し、児玉郡に属する町。
C746,3400,1500,上里町 （かみさとまち） は、埼玉県の最北端に位置し、児玉郡に属する町。
C747,5000,2500,寄居町（よりいまち）は、埼玉県の北西部に位置し、大里郡に属する町。
C748,4200,2400,宮代町（みやしろまち）は、埼玉県の東部に位置し、南埼玉郡に属する町。
C749,1800,1100,杉戸町（すぎとまち）は、埼玉県の東部に位置し、北葛飾郡に属する町。
C750,5800,3100,松伏町（まつぶしまち）は、埼玉県の東部に位置し、北葛飾郡に属する町。
C751,1800,900,市川市（いちかわし）は、千葉県の北西部に位置する市。
C752,8000,5200,船橋市（ふなばしし）は、千葉県の北西部に位置する市。中核市および保健所政令市に指定されている。
C753,7300,4500,アクアラインで都心直結。潮干狩りと証城寺の狸囃子
C754,1800,1300,松戸市（まつどし）は、千葉県の北西部に位置する市。
C755,7200,4700,野田市（のだし）は、千葉県の北西部に位置する市。
C756,1800,1300,茂原市（もばらし）は、千葉県の東部に位置する市。人口約8.6万人。
C757,7500,4500,佐倉市（さくらし）は、千葉県北部中央に位置する人口約16万5千人の市。
C758,5300,3100,東金市（とうがねし）は、千葉県の中東部に位置する市。
C759,5500,3600,旭市（あさひし）は、千葉県の北東部に位置する市。
C760,1800,1000,習志野市（ならしのし）は、千葉県の北西部に位置する市。
C761,7900,4800,柏市（かしわし）は、千葉県の北西部に位置する市。中核市、業務核都市に指定されている。
C762,6600,4100,勝浦市（かつうらし）は、千葉県南東部に位置する市。海域公園と海岸部は南房総国定公園に指定されている。
C763,7500,4700,市原市（いちはらし）は、千葉県中央部の千葉地域に位置する市。
C764,7600,4600,流山市（ながれやまし）は、千葉県北西部にある市。人口は約21万人。
C765,7300,4500,八千代市（やちよし）は、千葉県の北西部に位置する市。人口は約20万人で、千葉県内では流山市に次いで第8位の人口規模である。
C766,7100,4400,我孫子市（あびこし）は、千葉県の北西部に位置する市。
C767,5700,3200,シャチのショーで有名な海の街。棚田の夜景も美しい
C768,6500,3700,鎌ケ谷市（かまがやし）は、千葉県の北西部に位置する市。人口は約11万人。
C769,6500,4000,君津市（きみつし）は、千葉県の中南部から南部にかけて位置する市。
C770,5800,3300,富津市（ふっつし）は、千葉県の南部に位置する市。
C771,6100,3700,四街道市（よつかいどうし）は、千葉県の北部に位置する市。
C772,6100,4100,袖ケ浦市（そでがうらし）は、千葉県の西部に位置する市。
C773,6800,4300,八街市（やちまたし）は、千葉県の中部に位置する市。
C774,7300,4300,印西市（いんざいし）は、千葉県の北西部に位置する市。人口は約11万人。
C775,5900,3500,白井市（しろいし）は、千葉県の北西部に位置する市。業務核都市に指定されている千葉ニュータウンに属する。
C776,4600,2800,富里市（とみさとし）は、千葉県の北部中央に位置する市。
C777,6400,3800,南房総市（みなみぼうそうし）は、千葉県の南部に位置する市。関東地方および千葉県最南端の自治体。
C778,6400,4100,小江戸・佐原の町並みと伊能忠敬。香取神宮の門前町
C779,6900,4400,山武市（さんむし）は、千葉県東部に位置する市。都市雇用圏における東京都市圏に属する。
C780,6200,4100,いすみ市（いすみし）は、千葉県の南東部に位置する市。
C781,5800,3700,大網白里市（おおあみしらさとし）は、千葉県の中部に位置する市。
C782,4900,2500,酒々井町（しすいまち）は、千葉県の北部中央に位置し、印旛郡に属する町。
C783,3300,1500,栄町（さかえまち）は、千葉県の北部中央に位置し、印旛郡に属する町。
C784,2600,1500,神崎町（こうざきまち）は、千葉県の北部に位置し、香取郡に属する町。
C785,4000,1900,多古町（たこまち）は、千葉県の北東部に位置し、香取郡に属する町。
C786,3000,1800,東庄町（とうのしょうまち）は、千葉県の北東部に位置し、香取郡に属する町。
C787,3300,1600,九十九里町（くじゅうくりまち）は、千葉県東部の山武郡に属する町。
C788,3400,1900,芝山町（しばやままち）は、千葉県の東部に位置し、山武郡に属する町。
C789,4300,2000,横芝光町（よこしばひかりまち）は、千葉県の東部に位置し、山武郡に属する町。
C790,3500,2100,一宮町（いちのみやまち）は、千葉県の東部に位置し、長生郡に属する町。
C791,2400,1500,睦沢町（むつざわまち）は、千葉県の南東部に位置し、長生郡に属する町。
C792,4200,1900,長生村（ちょうせいむら）は、千葉県の東部に位置し、長生郡に属する村。
C793,2700,1100,白子町（しらこまち）は、千葉県の東部に位置し、長生郡に属する町。
C794,2700,1100,長柄町（ながらまち）は、千葉県の中部に位置し、長生郡に属する町。
C795,2400,900,長南町（ちょうなんまち）は、千葉県の南東部に位置し、長生郡に属する町。
C796,4300,2200,大多喜町（おおたきまち）は、千葉県の南部に位置し、夷隅郡に属する町。
C797,4000,2100,御宿町（おんじゅくまち）は、千葉県の南部に位置し、夷隅郡に属する町。
C798,4300,2200,鋸南町（きょなんまち）は、千葉県の南部に位置し、安房郡に属する町。
C799,7800,5400,東大と講道館。文豪たちが愛した文の京
C800,7600,5500,隅田川花火大会と両国国技館。江戸の粋が残る
C801,7900,5600,江東区（こうとうく）は、東京都の区部東部に位置する特別区。
C802,7700,5500,目黒川の桜並木は都内屈指の名所。実は目黒駅は品川区
C803,7900,5900,羽田空港と銭湯と町工場の区。23区最大の面積
C804,7500,5500,中野ブロードウェイはサブカルの殿堂
C805,7800,5500,杉並区（すぎなみく）は、東京都の区部西部に位置する特別区。
C806,7600,5800,北区（きたく）は、東京都の区部北部に位置する特別区。
C807,7100,4800,荒川区（あらかわく）は、東京都の区部北東部に位置する特別区。
C808,7700,5600,板橋区（いたばしく）は、東京都の区部北西部の荒川沿いに位置する特別区。
C809,7800,5300,葛飾区（かつしかく）は、東京都の区部北東部に位置する特別区。
C810,7800,5700,江戸川区（えどがわく）は、東京都の区部東部に位置する特別区。
C811,7800,4900,立川市（たちかわし）は、東京都の多摩地域中部に位置する市。東京府時代の1940年12月1日市制施行。
C812,7500,4600,武蔵野市（むさしのし）は、東京都の多摩地域東部に位置する市。人口は約15万人。
C813,7600,4800,ジブリ美術館と太宰治。玉川上水の緑道が続く
C814,7600,4600,青梅市（おうめし）は、東京都の多摩地域北西部に位置する市。
C815,7800,4500,府中市（ふちゅうし）は、東京都のほぼ中央、また多摩地域中部に位置する市。
C816,6800,4300,昭島市（あきしまし）は、東京都多摩地域西部に位置する市。人口は約11万人。
C817,7800,5000,調布市（ちょうふし）は、東京都の多摩地域東部に位置する市。1955年（昭和30年）市制施行。
C818,8000,5000,町田市（まちだし）は、東京都の多摩地域南部（南多摩地域）に位置する市。
C819,6900,4200,小金井市（こがねいし）は、東京都の多摩地域中部に位置する市。1958年市制施行。
C820,7100,4700,小平市（こだいらし）は、東京都の多摩地域北部に位置する市。
C821,7300,4700,日野市（ひのし）は、東京都の多摩地域南部に位置する市。
C822,7400,4300,東村山市（ひがしむらやまし）は、東京都の多摩地域北部にある市。
C823,6700,4100,国分寺市（こくぶんじし）は、東京都の多摩地域中部に位置する市。
C824,7100,4600,国立市（くにたちし）は、東京都の多摩地域中部に位置する市。
C825,7100,4100,福生市（ふっさし）は、東京都の多摩地域西部に位置する市。
C826,7400,4800,狛江市（こまえし）は、東京都の多摩地域東部に位置する市。東京都区部に接し、ベッドタウンとしての性格を帯びるが、多摩川を中心として自然が多く残り、将来市像として「水と緑のまち狛江」を
C827,6100,4100,東大和市（ひがしやまとし）は、東京都の多摩地域北部に位置する市。
C828,6900,4000,清瀬市（きよせし）は、東京都の多摩地域北部に位置する市。1970年（昭和45年）市制施行。
C829,7500,4900,東久留米市（ひがしくるめし）は、東京都の多摩地域北部に位置する市。
C830,6900,4600,武蔵村山市（むさしむらやまし）は、東京都の多摩地域北西部に位置する市。
C831,7300,4600,多摩市（たまし）は、東京都の多摩地域南部に位置する市。
C832,7100,4200,稲城市（いなぎし）は、東京都の多摩地域南部に位置する市。
C833,6800,4200,羽村市（はむらし）は、東京都の多摩地域北西部に位置する市。
C834,7500,4600,あきる野市（あきるのし）は、東京都多摩地域西部に位置する市。
C835,8000,4700,西東京市（にしとうきょうし）は、東京都の多摩地域北東部に位置する市。
C836,6600,3000,瑞穂町（みずほまち）は、東京都の多摩地域北西部に位置し、西多摩郡に属する町。
C837,5800,2600,日の出町（ひのでまち）は、東京都西多摩郡に属し、多摩地域西部に位置する町。
C838,7600,3300,檜原村（ひのはらむら）は、東京都の多摩地域西部に位置し、西多摩郡に属する村。
C839,6300,3000,大島町（おおしままち）は、東京都の島嶼部に位置する町。
C840,5200,1900,利島村（としまむら）は、東京都の島嶼部に位置する村。伊豆諸島北部の利島を区域とする。
C841,4600,1800,新島村（にいじまむら）は、東京都の島嶼部に位置する村。
C842,4100,1500,神津島村（こうづしまむら）は、東京都の島嶼部に位置する村。
C843,3300,1200,三宅村（みやけむら）は、東京都の島嶼部に位置する村。
C844,3700,1600,御蔵島村（みくらじまむら）は、東京都の島嶼部に位置する村。
C845,6900,3500,八丈町（はちじょうまち）は、東京都の島嶼部に位置する町。
C846,7600,3500,小笠原村（おがさわらむら）は、東京都の島嶼部に位置する村。
C847,8000,4800,相模原市（さがみはらし）は、神奈川県北部にある市。政令指定都市である。
C848,7500,4900,平塚市（ひらつかし）は、神奈川県の湘南地域中部に位置する市。人口は約25.8万人。
C849,7900,5100,江の島と湘南海岸。スラムダンクの踏切に世界中から巡礼
C850,7700,4500,茅ヶ崎市（ちがさきし）は、神奈川県の湘南地域中部に位置する市。
C851,6800,4200,逗子市（ずしし）は、神奈川県南東部の市。横須賀三浦地域に所在し、三浦半島の西側の付け根に位置する。
C852,6300,3800,三浦市（みうらし）は、神奈川県南東部、三浦半島最南端に位置する市。
C853,7700,5100,秦野市（はだのし）は、神奈川県の西部に位置する市。
C854,7500,4800,厚木市（あつぎし）は、日本の神奈川県の内陸に位置する市。神奈川県央の拠点都市である。
C855,1800,1400,大和市（やまとし）は、神奈川県のほぼ中央に位置する市。人口は約24.4万人で、施行時特例市に指定されている。
C856,6500,3800,伊勢原市（いせはらし）は、神奈川県のほぼ中央に位置する市。神奈川県の地理的な中心は伊勢原市石田にある。
C857,6900,4600,海老名市（えびなし）は、神奈川県中部の県央地域に位置する市。
C858,6800,4300,座間市（ざまし）は、神奈川県の中部に位置する市。人口は約13.1万人。
C859,5300,3000,南足柄市（みなみあしがらし）は、神奈川県南西部に位置する市。
C860,6000,3400,綾瀬市（あやせし）は、神奈川県中部に位置する県央の市。人口は約8.3万人。
C861,6300,2900,葉山町（はやままち）は、神奈川県の三浦半島西部に位置し、三浦郡に属する町。
C862,5700,2800,寒川町（さむかわまち）は、神奈川県の湘南地域北部に位置し、高座郡に属する町。
C863,5200,2400,大磯町（おおいそまち）は、神奈川県の湘南地域西部に位置し、中郡に属する町。
C864,4400,2500,二宮町（にのみやまち）は、神奈川県の湘南地域西部に位置し、中郡に属する町。
C865,2700,1600,中井町（なかいまち）は、神奈川県の南西部に位置し、足柄上郡に属する町。
C866,3200,1700,大井町（おおいまち）は、神奈川県の南西部に位置し、足柄上郡に属する町。
C867,3500,1500,松田町（まつだまち）は、神奈川県の西部に位置し、足柄上郡に属する町である。
C868,4400,2400,山北町（やまきたまち）は、神奈川県西部に位置する足柄上郡の町。
C869,3700,1600,開成町（かいせいまち）は、神奈川県の西部に位置し、足柄上郡に属する町。
C870,6200,3000,真鶴町（まなづるまち）は、神奈川県の南西部に位置し、足柄下郡に属する町。
C871,5200,2900,愛川町（あいかわまち）は、神奈川県の北部に位置し、愛甲郡に属する町。
C872,5200,2400,清川村（きよかわむら）は、神奈川県の北部に位置し、愛甲郡に属する村。
C873,6900,4600,三条市（さんじょうし）は、新潟県の中央部に位置する市。江戸時代の和釘作りを端緒とする「ものづくりのまち」で、日本有数の金属加工を中心とする産業集積地である。
C874,6600,4000,柏崎市（かしわざきし）は、新潟県の中越地方西端にある日本海に面した市。
C875,7400,4300,新発田市（しばたし）は、新潟県の下越地方にある市。1947年（昭和22年）、県内では6番目に市制施行。
C876,5400,3600,小千谷市（おぢやし）は、新潟県のほぼ中央に位置する市。中越地方（中越圏域）に属する。
C877,3700,2600,加茂市（かもし）は、新潟県の中央部に位置する市。中越地方に属しており東西に細長い市域である。
C878,6500,4100,十日町市（とおかまちし）は、新潟県南部（中越地方）にある市。
C879,3900,2500,見附市（みつけし）は、新潟県中央部に位置する市。中越地方に属し、県内で面積が最も小さい市である。
C880,6300,4200,村上市（むらかみし）は、新潟県の北部に位置する市。日本海に面している。
C881,6400,3700,金属洋食器の国内シェア9割。世界が認める磨きの技
C882,1800,1300,糸魚川市（いといがわ し）は、新潟県最西端、上越地方に位置する市。
C883,6600,3800,妙高高原の温泉とスキー。日本百名山の麓
C884,5000,3300,五泉市（ごせんし）は、新潟県の下越地方にある市。新潟広域都市圏（新潟都市圏）の構成市町村である。
C885,7900,5200,上越市（じょうえつし）は、新潟県南西部、上越地方に位置する市。
C886,5900,3400,阿賀野市（あがのし）は、新潟県下越地方に位置する市。新潟広域都市圏（新潟都市圏）の構成市町村である。
C887,5700,3600,魚沼産コシヒカリはブランド米の頂点
C888,5800,3800,南魚沼市（みなみうおぬまし）は、新潟県中越地方に位置する市。平成の大合併により南魚沼郡の3町（六日町、大和町、塩沢町）が合併して誕生した。
C889,5700,3200,胎内市（たいないし）は、新潟県の北部に位置する市。2005年9月1日に北蒲原郡中条町、黒川村の合併により発足。
C890,3800,2100,聖籠町（せいろうまち）は、新潟県下越地方に位置する北蒲原郡の町。
C891,3400,1200,弥彦村（やひこむら）は、新潟県の村。西蒲原郡に属する。燕市への通勤率は34.1%・新潟市への通勤率は14.6%（いずれも平成22年国勢調査）。
C892,2300,1300,田上町（たがみまち）は、新潟県南蒲原郡にある町。新潟広域都市圏（新潟都市圏）の構成市町村である。
C893,3800,2200,阿賀町（あがまち）は、新潟県下越地方の東蒲原郡にある町。2005年に津川町・鹿瀬町・三川村・上川村の4町村が新設合併し発足した。
C894,3100,1400,出雲崎町（いずもざきまち）は、新潟県中越地方にある、日本海に面した町。
C895,3700,2200,津南町（つなんまち）は、新潟県中魚沼郡に属する町。新潟県最南端の長野県境に位置している。
C896,3000,1100,刈羽村（かりわむら）は、新潟県刈羽郡にある村。1901年（明治34年）に発足した村で、刈羽郡に属する唯一の自治体である。
C897,3400,1200,関川村（せきかわむら）は、新潟県の北部に位置し、岩船郡に属する村。
C898,5200,2500,粟島浦村（あわしまうらむら）は、新潟県の北部、日本海に浮かぶ粟島に位置する村。
C899,4800,3100,"魚津市（うおづし）は、富山県の東部に位置する市。北西側は富山湾（日本海）に面する一方、南東側には毛勝三山の一つである釜谷山（標高2,415メートル）があり北アルプスに連なる。"
C900,4300,2800,滑川市（なめりかわし）は、富山県の東部に位置する市。新川平野のほぼ中央にあたり、平野の大部分は早月川と上市川で形成された複合扇状地である。
C901,4300,3000,黒部峡谷のトロッコ電車と宇奈月温泉
C902,6200,4000,チューリップ球根出荷量日本一。散居村の風景は圧巻
C903,3800,2200,小矢部市（おやべし）は、富山県西部にある市。1962年（昭和37年）市制施行。
C904,6500,3900,南砺市（なんとし）は、富山県の南西部に位置する市。散居村で知られる砺波平野の南部および世界遺産の合掌造り集落を有する五箇山を市域とする。
C905,6700,4400,射水市（いみずし）は、富山県のほぼ中央部に位置する県第3位の都市。
C906,5800,2600,舟橋村（ふなはしむら）は、富山県中新川郡の村。富山平野のほぼ中央の常願寺川右岸に位置している。
C907,3300,1500,上市町（かみいちまち）は、富山県中新川郡の町。富山県東部の山寄りに位置する。
C908,2900,1800,入善町（にゅうぜんまち）は、富山県下新川郡に属する町。黒部川が形成した黒部川扇状地の中央に位置し、北は日本海に面している。
C909,3100,1600,朝日町（あさひまち）は、富山県下新川郡に属している町。富山県東端にあり、新潟県（糸魚川市）と接する。
C910,6100,3500,小松空港と世界的建機メーカーの企業城下町
C911,7300,4700,能登半島の最先端。揚げ浜式製塩は日本唯一の伝統
C912,5600,3700,羽咋市（はくいし）は、石川県の能登地方にある市。1958年（昭和33年）市制施行。
C913,4200,2300,かほく市（かほくし）は、石川県中部にある市。
C914,6600,4300,白山市（はくさんし）は、石川県の南部に位置する市。全域で白山手取川ジオパークをなす。
C915,1800,900,能美市（のみし）は、石川県の南部、加賀地方に位置する市。金沢市の南西約20kmの加賀平野の中央部にある。
C916,5300,3000,野々市市（ののいちし）は、石川県の中部に位置する市。金沢平野東部の手取川扇状地にあたる。
C917,2300,1400,川北町（かわきたまち）は、石川県の南西に位置し、能美郡に所属する町。
C918,6800,3100,津幡町（つばたまち）は、石川県河北郡に属する町。
C919,3400,1700,内灘町（うちなだまち）は、石川県の中西部に位置する町。
C920,3800,1900,志賀町（しかまち）は、石川県羽咋郡に属する町。2005年（平成17年）9月に旧志賀町と旧富来町が合併して誕生した町である。
C921,4300,2000,宝達志水町（ほうだつしみずちょう）は、石川県の中部にある町。能登半島の付け根にあり、羽咋郡に属する。
C922,2500,1500,中能登町（なかのとまち）は、石川県鹿島郡にある町。能登半島中部に位置し、南は羽咋市、西は志賀町、北は七尾市、東は氷見市と接している。
C923,4800,2200,穴水町（あなみずまち）は、石川県の能登半島中央に位置する町で、鳳珠郡に属している。
C924,4200,2300,能登町（のとちょう）は、石川県の能登半島（能登地方）北部に位置する鳳珠郡の町。
C925,5600,3700,鯖街道の起点。京へ海の幸を運んだ御食国
C926,5200,3400,大野市（おおのし）は、福井県東部に位置する市（自治体）。奥越前の中心地で越前大野城の城下町として発展した都市である。
C927,4000,2800,あわら市（あわらし）は、福井県の北端に位置し、福井平野から加越台地にかけて広がる市。
C928,5500,3200,越前市（えちぜんし）は、福井県嶺北地方にある市。福井県では福井市と坂井市に次いで人口が多い。
C929,1800,1400,坂井市（さかいし）は、福井県北部にある市。福井市に次ぐ福井県内の第二都市である。
C930,3200,1900,道元禅師が開いた曹洞宗大本山永平寺の門前町
C931,2600,1100,池田町（いけだちょう）は、福井県嶺北地方にある町。足羽川最上流部の岐阜県との県境に位置する小盆地の町である。
C932,2700,1400,南越前町（みなみえちぜんちょう）は、福井県の中央部、嶺北地方に位置し、南条郡に属する町。
C933,2900,1400,越前町（えちぜんちょう）は、福井県嶺北地方西端の町。丹生郡に属し、当町で丹生郡を構成する。
C934,3000,1300,美浜町（みはまちょう）は、福井県三方郡に属する町。若狭地方東端に位置し、日本海に面している。
C935,4000,1800,高浜町（たかはまちょう）は、福井県南西部、嶺南地方の町。大飯郡に属している。
C936,3600,1900,おおい町（おおいちょう）は、福井県の南西部に位置する町。大飯郡に属する。
C937,3200,1400,若狭町（わかさちょう）は、福井県三方上中郡に属する町。若狭地方の中央に位置し、若狭湾に面する。
C938,5000,3200,"都留市（つるし）は、山梨県東部の郡内地方に位置する市。富士北麓に位置しており、周囲は1,000メートル級の山々に囲まれている。"
C939,1800,1300,山梨市（やまなしし）は、山梨県にある市。国中地方に含まれ、甲府盆地の東部に位置する。
C940,5200,3500,大月市（おおつきし）は、山梨県東部の郡内地方に位置する人口約1.9万人の市。
C941,5000,2800,韮崎市（にらさきし）は、山梨県北部に位置する市。国中地方に含まれる。
C942,7300,4200,南アルプス市（みなみアルプスし）は、山梨県の国中地方にある市。
C943,7300,4500,北杜市（ほくとし）は、山梨県の北西部、国中地方に位置する市。山梨県内の自治体としては最も面積が広く、最北端にあたる。
C944,1800,1400,甲斐市（かいし）は、山梨県北西部の国中地方に位置する人口約7万5千人の市。
C945,6300,4100,笛吹市（ふえふきし）は、山梨県にある市。国中地方に含まれ、甲府盆地の東寄りに位置する。
C946,5100,2900,上野原市（うえのはらし）は、山梨県最東端に位置する人口約2.1万人の市。
C947,4700,3000,甲州市（こうしゅうし）は、山梨県北東部に位置する市。ブドウやモモなど果樹栽培の日本有数の産地である。
C948,3900,2300,中央市（ちゅうおうし）は、山梨県の国中地方、甲府盆地の南部にある市。
C949,3400,1400,市川三郷町（いちかわみさとちょう）は、山梨県西八代郡にある町。
C950,4900,2400,早川町（はやかわちょう）は、山梨県の南西端の国中地方にある町で、静岡県と県境を接している。
C951,4500,2600,日蓮宗総本山身延山久遠寺。しだれ桜の名所
C952,3400,1500,南部町（なんぶちょう）は、山梨県南巨摩郡の町。山梨県の最南端に位置する。
C953,2900,1800,富士川町（ふじかわちょう）は、山梨県南巨摩郡に属する町。甲府盆地の南西に位置する広域交通の要衝である。
C954,3600,1900,昭和町（しょうわちょう）は、山梨県中央部の国中地方に位置する町。
C955,4300,2000,道志村（どうしむら）は、山梨県南東部の郡内地方に位置する村。南都留郡に属する。
C956,1800,1000,西桂町（にしかつらちょう）は、山梨県南都留郡に属している町。
C957,3900,1600,忍野村（おしのむら）は、山梨県南都留郡に位置する村。郡内地方。
C958,4100,1500,山中湖村（やまなかこむら）は、山梨県南東部の郡内地方に位置する村。
C959,2700,800,鳴沢村（なるさわむら）は、山梨県郡内地方にある村。南は静岡県富士宮市と接する県境の村である。
C960,3900,1900,小菅村（こすげむら）は、山梨県北都留郡に属している村。県東部の郡内地方に含まれる。
C961,5900,2800,丹波山村（たばやまむら）は、山梨県郡内地方、北都留郡にある村。
C962,7700,4600,真田氏の城下町。上田城は徳川軍を二度退けた
C963,5100,3400,岡谷市（おかやし）は、長野県の南信地方にある市で、諏訪湖に隣接する工業都市である計量特定市。
C964,7400,4400,飯田市（いいだし）は、長野県南部（南信地方）に位置する市。南信地方の中心都市である。
C965,5500,3400,須坂市（すざかし）は、長野県北部にある市。1954年（昭和29年）市制施行。
C966,5800,3500,小諸市（こもろし）は、長野県東部に位置する市。江戸時代は小諸藩の城下町であった。
C967,7300,4800,伊那市（いなし）は、長野県南部にある市。伊那谷北部に位置し、南信地方に区分される。
C968,4700,2900,駒ヶ根市（こまがねし）は、長野県南部（南信地方）の市。1954年（昭和29年）市制施行。
C969,5300,3600,中野市（なかのし）は、長野県の北部に位置する市。1954年（昭和29年）市制施行。
C970,5500,3300,大町市（おおまちし）は、長野県の北西部にある市。立山黒部アルペンルートの長野県側玄関口として有名。
C971,4900,2800,飯山市（いいやまし）は、長野県の北東部にある市。1954年（昭和29年）市制施行。
C972,7000,4000,茅野市（ちのし）は、長野県南信地方の市。八ヶ岳、白樺湖、蓼科高原、車山など観光資源を多く抱える諏訪地方中部の市である。
C973,5900,3800,塩尻市（しおじりし）は、長野県中部（中信地方）の市。松本盆地の南端、県央部に位置する太平洋側と日本海側を結ぶ交通の要衝である。
C974,7300,4500,佐久市（さくし）は、長野県東信地方、群馬県との県境に位置する市。
C975,6100,3900,千曲市（ちくまし）は、長野県の北部、北信地方の千曲川中流域に位置する市。
C976,1800,1400,東御市（とうみし）は、長野県の東部（東信地方）にある市。上信越高原国立公園の浅間連山を背にした地形で、西は上田市、北は群馬県と接している。
C977,7600,4900,安曇野市（あづみのし）は、長野県中部（中信地方）にある市。
C978,2900,1500,小海町（こうみまち）は、長野県の東部南佐久郡に位置する町である。
C979,4100,2000,川上村（かわかみむら）は、長野県南佐久郡の村。千曲川の最上流部に位置する。
C980,4000,1900,南牧村（みなみまきむら）は、長野県南佐久郡の村。
C981,2300,800,南相木村（みなみあいきむら）は、長野県南佐久郡の自治体の一つ。
C982,1800,800,北相木村（きたあいきむら）は、長野県南佐久郡の村の一つ。群馬県上野村との境に位置する村である。
C983,2700,1700,佐久穂町（さくほまち）は、長野県南佐久郡に位置する町。ラヂオプレスの外国放送受信施設がある。
C984,4100,1800,御代田町（みよたまち）は、長野県北佐久郡の町。町の北部には浅間山の裾野が広がる。
C985,3100,1700,立科町（たてしなまち）は、長野県中部に位置する北佐久郡の町。
C986,3000,1100,青木村（あおきむら）は、長野県小県郡の村である。同県のほぼ中央部に位置する。
C987,3000,1500,長和町（ながわまち）は、長野県の中東部に位置する町。小県郡に属する。
C988,3600,1800,下諏訪町（しもすわまち）は、長野県諏訪郡の町。平安時代には土武郷と呼ばれていた。
C989,3700,1700,富士見町（ふじみまち）は、長野県中部にある諏訪郡の町。
C990,3200,1600,原村（はらむら）は、長野県諏訪郡にある村。八ヶ岳連峰西麓の標高1000メートル前後の高原地帯に位置している。
C991,3200,1800,辰野町（たつのまち）は、長野県上伊那郡の町。南アルプスと中央アルプスの間にある伊那谷の最北端に位置する町である。
C992,3300,1700,箕輪町（みのわまち）は、長野県南部の上伊那郡の町。長野県において最も人口の多い町である。
C993,1800,800,飯島町（いいじままち）は、長野県上伊那郡の南部に位置する町。本項では町制前の名称である飯島村（いいじまむら）についても述べる。
C994,3500,1800,南箕輪村（みなみみのわむら）は、長野県南部に位置する上伊那郡の村。
C995,2300,1100,中川村（なかがわむら）は、長野県上伊那郡の南部に位置する村。「日本で最も美しい村」連合に加盟しており、「陣馬形山」、「段丘と里山のある景観」、「四徳地区と四徳川の景観」が登録地域資
C996,2700,1000,宮田村（みやだむら）は、長野県上伊那郡の村。
C997,2500,1000,松川町（まつかわまち）は、長野県南部にある町。下伊那郡に属する。
C998,2300,1000,高森町（たかもりまち）は、長野県下伊那郡にある町。伊那谷の南部に位置し、天竜川の西側に町域が広がる。
C999,2900,1300,阿南町（あなんちょう）は、長野県の南部、下伊那郡に属する町。中央アルプスに囲まれ、天竜川の右岸にある。
C1000,5000,1800,阿智村（あちむら）は、長野県下伊那郡の西部に位置する村。
C1001,2800,1100,平谷村（ひらやむら）は、長野県下伊那郡に属する村。
C1002,3100,1200,根羽村（ねばむら）は、長野県下伊那郡に属している村。南信地方（南信州地域）に含まれる。
C1003,2500,1000,下條村（しもじょうむら）は、長野県の最南端である下伊那郡のほぼ中央に位置する村。
C1004,3200,1600,売木村（うるぎむら）は長野県南部、下伊那郡の南端に位置する村である。
C1005,3400,1700,天龍村（てんりゅうむら）は、長野県下伊那郡に属する村。長野県の南端部にある。
C1006,3500,1600,泰阜村（やすおかむら）は、長野県下伊那郡の南部に位置する村。村名は漢詩の「泰山丘阜」に由来する。
C1007,2600,1100,喬木村（たかぎむら）は、長野県下伊那郡の北部に位置する村。
C1008,2300,1100,豊丘村（とよおかむら）は、長野県下伊那郡にある村。伊那谷の南部に位置し、天竜川の東側に村域が広がる。
C1009,4000,1800,大鹿村（おおしかむら）は、長野県下伊那郡の北部に位置する村。
C1010,1800,1100,上松町（あげまつまち）は長野県の南西部に位置する木曽郡の町。本項では町制前の名称である駒ヶ根村（こまがねむら）についても述べる。
C1011,2900,1700,南木曽町（なぎそまち）は、長野県の南西部に位置する町。
C1012,2300,1300,"木祖村（きそむら）は、長野県木曽郡にある村。周囲を2,000m級の山に囲まれた、木曽川の最上流に位置する山あいの村である。"
C1013,3100,1600,王滝村（おうたきむら）は、長野県の南西部に位置する村で、木曽郡に属する。
C1014,2300,900,大桑村（おおくわむら）は、長野県木曽郡に属している村。木曽谷の南部に位置する山間の村である。
C1015,4100,2200,御嶽山の麓、中山道の宿場町。木曽馬のふるさと
C1016,3800,1300,麻績村（おみむら）は、長野県東筑摩郡の村。
C1017,3800,1600,生坂村（いくさかむら）は、長野県東筑摩郡にある山間部の村。農業と農産物加工業を基幹産業としており、特にブドウ栽培が盛んな地域である。
C1018,2600,1300,山形村（やまがたむら）は、長野県中西部の東筑摩郡にある村。日本アルプスサラダ街道という観光道路や、清水寺で有名。
C1019,2600,1300,朝日村（あさひむら）は、長野県中西部の東筑摩郡にある村。
C1020,2900,1100,筑北村（ちくほくむら）は、長野県東筑摩郡の村。
C1021,2600,1100,池田町（いけだまち）は、長野県北安曇郡にある町。本項では町制前の名称である池田町村（いけだまちむら）についても述べる。
C1022,2400,900,松川村（まつかわむら）は、長野県にある村。安曇野の北部にあたる。
C1023,3900,1600,小谷村（おたりむら）は、長野県北安曇郡に属している村。特別豪雪地帯に指定されており、冬季は大規模スキー場が多くの観光客で賑わう。
C1024,3100,1900,坂城町（さかきまち）は、長野県の北信地方、長野地域南部の町。埴科郡に属する。
C1025,5200,2900,栗と北斎の町。長野県で一番小さな町に年間100万人
C1026,3500,1400,高山村（たかやまむら）は、長野県の北東に位置する村。上信越高原国立公園が位置する地域であるとともに、景観法に基づく景観行政団体でもある。
C1027,2800,1400,木島平村（きじまだいらむら）は長野県の北東に位置する村。村の面積の約8割が山林で、さらにその約7割が国有林である。
C1028,4800,2300,野沢温泉村（のざわおんせんむら）は、長野県の北東部に位置する村。
C1029,2700,1500,信濃町（しなのまち）は、長野県上水内郡の町。新潟県に接する。野尻湖や黒姫高原、小林一茶生誕地として知られる。
C1030,2600,800,小川村（おがわむら）は、長野県北部にある村。北アルプスを望む標高500mから1000mに位置する村である。
C1031,2800,1300,飯綱町（いいづなまち）は、長野県北部（北信地方）にある上水内郡の町。
C1032,1800,800,栄村（さかえむら）は、長野県北東部（北信地方）にある村。下水内郡に属する。
C1033,7700,5100,大垣市（おおがきし）は、岐阜県の西濃地方に位置する市。1918年（大正7年）市制施行。
C1034,6700,4400,美濃焼の中心地。最高気温を競う日本一暑い街の一角
C1035,6800,4500,関市（せきし）は、岐阜県の中濃地域にある市。市域はV字型で西側は板取川・武儀川の流域、東側は津保川の流域である。
C1036,7000,4200,中津川市（なかつがわし）は、岐阜県の東濃地域にある市。長野県に隣接しており、古くより木曽谷や伊那谷との関係が深い。
C1037,4100,2600,美濃市（みのし）は、岐阜県の中濃地方にあり、1300年の伝統を誇る美濃和紙の産地として有名な市で、美濃和紙について知り和紙漉き体験ができる「美濃和紙の里会館」もあり、1999年（平
C1038,4600,3100,瑞浪市（みずなみし）は、岐阜県南東部に位置する市。美濃焼、中山道の宿場、化石などで知られる歴史と文化のまちである。
C1039,4800,2900,羽島市（はしまし）は、岐阜県の南部に位置する市。岐阜地区に含まれる。
C1040,5300,3600,恵那市（えなし）は、岐阜県南東部にある市。2004年（平成16年）10月に旧恵那市と恵那郡のうち5つの町村（岩村町、山岡町、明智町、串原村、上矢作町）の新設合併により誕生した。
C1041,5100,2900,美濃加茂市（みのかもし）は、岐阜県の南部に位置する市。市名はこの地が美濃国加茂郡に属していたことに由来する。
C1042,5400,3500,土岐市（ときし）は、岐阜県の南東部に位置する市。名古屋市や東尾張地域等のベッドタウン。
C1043,6200,3700,"可児市（かにし、英語: Kani-shi, Kanishi, Kani Shi, Kani City, Kani）は、主に岐阜県中南部の木曽川南岸と兼山の飛び地に位置する市。"
C1044,4700,3000,山県市（やまがたし）は、岐阜県にある市。旧美濃国（岐阜県南部）の中央よりやや西寄りで、岐阜市の北側にあり、岐阜地区に位置づけられる。
C1045,4200,2900,瑞穂市（みずほし）は、岐阜県南西部にある市。2003年（平成15年）に旧穂積町と旧巣南町の合併により誕生した。
C1046,6000,3700,映画「君の名は。」の聖地。古い町並みの飛騨古川
C1047,4500,2500,本巣市（もとすし）は、岐阜県の南西部にある市。2004年（平成16年）、本巣郡の4町村（本巣町・真正町・糸貫町・根尾村）が合併して発足した。
C1048,7500,5000,徹夜で踊る郡上おどり。清流吉田川と食品サンプル発祥
C1049,5800,3500,海津市（かいづし）は、岐阜県南西部にある市。西濃地域に含まれる。
C1050,3800,1600,岐南町（ぎなんちょう）は、岐阜県羽島郡に属している町。県庁所在地の岐阜市に隣接している。
C1051,4000,2000,笠松町（かさまつちょう）は、岐阜県羽島郡に属している町。県庁所在地の岐阜市に隣接している。
C1052,3700,2100,養老町（ようろうちょう）は、岐阜県養老郡の町。西濃に含まれる。
C1053,3400,1600,垂井町（たるいちょう）は、岐阜県西部（西濃）の不破郡に属する町。
C1054,5600,3000,関ケ原町（せきがはらちょう）は、岐阜県の西濃地方西端に位置する町。
C1055,2500,1200,神戸町（ごうどちょう）は、岐阜県安八郡に属する町。濃尾平野の北西端にある。
C1056,2200,1400,輪之内町（わのうちちょう）は、岐阜県西部の安八郡に属する町。江戸期から日常的に用いられていた輪中を意味する「輪之内」が町名の由来となっている。
C1057,2600,1000,安八町（あんぱちちょう）は、岐阜県の南西部、濃尾平野北西部に位置する町。
C1058,4500,2500,揖斐川町（いびがわちょう）は、岐阜県揖斐郡に属する町。西濃地方の西北端に位置し、北で福井県、西で滋賀県と接する。
C1059,2700,1700,大野町（おおのちょう）は、岐阜県揖斐郡の町。濃尾平野の西北端に位置する。
C1060,2700,1200,池田町（いけだちょう）は、岐阜県揖斐郡に属している町。西濃地域に含まれる。
C1061,2600,1000,北方町（きたがたちょう）は、岐阜県本巣郡にある町。岐阜県の南西部に位置し、濃尾平野の北部に位置する。
C1062,2800,1600,坂祝町（さかほぎちょう）は、岐阜県の中南部に位置する町。加茂郡に属する。
C1063,2400,1300,富加町（とみかちょう）は、岐阜県加茂郡に属する町。
C1064,2200,1100,川辺町（かわべちょう）は、岐阜県の加茂郡に所属する町。美濃地方のほぼ中央の濃尾平野の北端部に位置する。
C1065,3200,1900,七宗町（ひちそうちょう）は、岐阜県の中南部に位置する町。町名は東北部に位置する7つの高峰に由来する。
C1066,3300,1500,八百津町（やおつちょう）は、岐阜県の中南部にある町。加茂郡に属す。
C1067,3200,1900,白川町（しらかわちょう）は、岐阜県加茂郡にある町。東濃ひのき、白川茶、麦飯石を産する。
C1068,1800,800,東白川村（ひがししらかわむら）は、岐阜県加茂郡にある村。地理的には県南部の美濃地域に属するものの、県北部の飛騨地域と接しており、東側は長野県境にも近い位置にある。
C1069,3300,1500,御嵩町（みたけちょう）は、岐阜県可児郡の町。同郡に所属する唯一の町村である。
C1070,7800,5100,深海魚とラブライブ!サンシャイン!!の港町
C1071,7300,4800,三島市（みしまし）は、静岡県東部にある市。伊豆半島の北端部に位置し、かつて伊豆国の国府が置かれた。
C1072,6700,4300,島田市（しまだし）は、静岡県の中部、大井川の両岸に位置する都市。
C1073,7500,5000,富士市（ふじし）は、日本の静岡県東部に位置する市。日本最高峰の富士山南麓に位置し、市域の北端は山頂直下に及ぶ。
C1074,1800,1300,磐田市（いわたし）は、静岡県西部（遠州）にある市。人口は約16.5万人。
C1075,6700,3900,カツオ・マグロの遠洋漁業基地。水揚げ金額全国トップ級
C1076,6700,4300,山内一豊の掛川城。深蒸し茶の名産地
C1077,6300,3600,藤枝市（ふじえだし）は、静岡県中部（駿遠地域）にある市。東は県庁所在地の静岡市、西は島田市、南は焼津市と接し、海（太平洋）には面していない。
C1078,7000,4500,御殿場市（ごてんばし）は、静岡県東部に位置する、人口約8.5万人の市。
C1079,5100,3400,袋井市（ふくろいし）は、静岡県西部（遠州）にある市。
C1080,5600,3800,裾野市（すそのし）は、静岡県東部にある市。人口は約5万人。
C1081,5400,3400,湖西市（こさいし）は、静岡県西部にある市。静岡県で最も西に位置し、市の範囲は浜名湖西岸から愛知県との県境に及ぶ。
C1082,5600,3300,修善寺温泉と天城越え。わさびの本場
C1083,4500,3100,御前崎市（おまえざきし）は、静岡県西部にある市。人口は約3万人。
C1084,4800,3100,菊川市（きくがわし）は、静岡県の東遠地域に位置する市。気候は温暖で「深蒸し菊川茶」でも知られる茶産地である。
C1085,6800,4000,伊豆の国市（いずのくにし）は、静岡県の伊豆半島北部に位置する市。
C1086,6400,3800,牧之原市（まきのはらし）は、静岡県中部に位置する市。
C1087,3000,1400,東伊豆町（ひがしいずちょう）は、静岡県賀茂郡にある町。伊豆半島東岸に位置する。
C1088,3500,1800,河津町（かわづちょう）は、伊豆半島南部に位置する静岡県の都市。
C1089,2900,1500,南伊豆町（みなみいずちょう）は、静岡県東部の伊豆半島の最南端にある町。
C1090,3600,1700,松崎町（まつざきちょう）は、静岡県賀茂郡にある町。伊豆半島南西部の海岸沿いに位置する。
C1091,2800,1700,西伊豆町（にしいずちょう）は、静岡県の伊豆半島西岸に位置する町。
C1092,5600,2900,函南町（かんなみちょう）は、静岡県東部の田方郡に属する町。神奈川県に接し、近隣の沼津市や三島市などとともに、県東部の中心都市部を形成する。
C1093,1800,1100,清水町（しみずちょう）は、静岡県東部にある町。駿東郡に属する。
C1094,4800,2600,長泉町（ながいずみちょう）は、静岡県駿東郡に属する人口約4.3万人の町。
C1095,4700,2600,小山町（おやまちょう）は、静岡県の東部に位置し、駿東郡に属する町。
C1096,3800,2200,吉田町（よしだちょう）は、静岡県の中部に位置する町。榛原郡に属する。
C1097,4500,2000,川根本町（かわねほんちょう）は、静岡県榛原郡に位置する町。東は静岡市、西は浜松市、南は島田市と接しており、北は長野県との県境となっている。
C1098,3700,1900,森町（もりまち）は、静岡県西部の遠州にある町。周智郡に属する。
C1099,1800,800,手筒花火発祥の地。路面電車が走る東三河の中心
C1100,7900,5000,徳川家康生誕の岡崎城。三河花火の伝統と八丁味噌
C1101,7700,5000,一宮市（いちのみやし）は、愛知県北西部の尾張地方に位置する市。
C1102,6800,4300,「せともの」の語源になった千年の窯業都市
C1103,5900,3500,半田市（はんだし）は、愛知県の尾張地方にある市。知多半島の中央部に位置している。
C1104,7600,5000,春日井市（かすがいし）は、愛知県尾張地方にある市。中枢中核都市で、施行時特例市でもある。
C1105,7000,4200,豊川市（とよかわし）は、愛知県南東部の三河地方に位置する市。計量特定市に指定されている。
C1106,5600,3400,津島市（つしまし）は、愛知県の西部に位置する市。
C1107,5500,3400,碧南市（へきなんし）は、愛知県の西三河に位置する市。
C1108,7200,4600,刈谷市（かりやし）は、愛知県の西三河地方西端に位置する市。境川を挟んで尾張地方と接している。
C1109,7200,4600,安城市（あんじょうし）は、愛知県の西三河に位置する市。旧碧海郡。
C1110,6600,3900,西尾市（にしおし）は、愛知県の西三河に位置する市。愛知県中央部を北から南へ流れる矢作川流域の南端にある。
C1111,5300,3100,江南市（こうなんし）は、愛知県の北部に位置する市。
C1112,6400,3700,小牧市（こまきし）は、愛知県北西部の尾張地方に位置する市。
C1113,6900,4200,稲沢市（いなざわし）は、愛知県の尾張地方に位置する市。
C1114,6500,3800,新城市（しんしろし）は、愛知県の東三河に位置する市。
C1115,6200,4100,東海市（とうかいし）は、愛知県の尾張地方にある市。
C1116,5900,4000,大府市（おおぶし）は、愛知県西部に位置する市。
C1117,4500,2600,知多市（ちたし）は、愛知県の知多半島の北西部に位置する市。
C1118,5800,3700,知立市（ちりゅうし）は、愛知県の西三河に位置する市。1970年（昭和45年）に市制施行。
C1119,4800,2700,尾張旭市（おわりあさひし）は、愛知県の尾張地方に含まれる市。
C1120,4000,2200,高浜市（たかはまし）は、愛知県の三河地方にある市。
C1121,4800,3000,岩倉市（いわくらし）は、愛知県の尾張地方北西部に位置する市。
C1122,6300,3600,豊明市（とよあけし）は、愛知県の尾張地方にある市。1972年（昭和47年）市制施行。
C1123,1800,900,日進市（にっしんし）は、愛知県の中部に位置する市。
C1124,6400,4300,田原市（たはらし）は、愛知県の南端部に位置する市。東三河地方に位置し、東側で豊橋市と接している。
C1125,5800,3900,愛西市（あいさいし）は、愛知県の西端に位置する市。
C1126,6000,3500,清須市（きよすし）は、愛知県北西部に位置する市。戦国時代、織田信長の本拠地及び居城である清洲城（清須城）と城下町で栄えた。
C1127,1800,1200,北名古屋市（きたなごやし）は、愛知県の尾張地方にある市。
C1128,5000,3200,弥富市（やとみし）は、愛知県西部にある市。日本有数の金魚の産地として知られている。
C1129,5400,3500,みよし市（みよしし）は、愛知県の西三河地方にある市。
C1130,6700,3900,あま市（あまし）は、愛知県の北西部に位置する市。尾張地方に含まれる。
C1131,1800,1400,長久手市（ながくてし）は、愛知県の尾張地域に位置する市。
C1132,4800,2700,東郷町（とうごうちょう）は、愛知県の中部に位置し、愛知郡に属する町。
C1133,4500,2300,豊山町（とよやまちょう）は、愛知県の西部に位置し、西春日井郡に属する町。
C1134,3100,1700,大口町（おおぐちちょう）は、愛知県の北西部に位置し、丹羽郡に属する町。
C1135,3600,2100,扶桑町（ふそうちょう）は、愛知県の北西部に位置し、丹羽郡に属する町。
C1136,3700,1800,大治町（おおはるちょう）は、愛知県の西部に位置し、海部郡に属する町。
C1137,4300,2200,蟹江町（かにえちょう）は、愛知県海部郡に属する町。
C1138,6900,3200,飛島村（とびしまむら）は、愛知県西部に位置し、海部郡に属する村。
C1139,3400,1800,阿久比町（あぐいちょう）は、愛知県知多郡に属する町。
C1140,4200,2300,東浦町（ひがしうらちょう）は、愛知県知多郡に属する町。
C1141,3300,1700,南知多町（みなみちたちょう）は、愛知県知多郡に属する町。
C1142,3600,1600,美浜町（みはまちょう）は、愛知県知多郡に属する町。知多半島の南部に位置しており、伊勢湾と三河湾の双方に面している。
C1143,1800,800,武豊町（たけとよちょう）は、愛知県知多郡に属している町。
C1144,4700,2100,幸田町（こうたちょう）は、愛知県の南部に位置し、額田郡に属する町。
C1145,1800,800,設楽町（したらちょう）は、愛知県北東部の北設楽郡に属する町。
C1146,3300,1500,東栄町（とうえいちょう）は、愛知県の北東部に位置し、北設楽郡に属する町である。
C1147,4700,1900,豊根村（とよねむら）は、愛知県の北東部に位置し、北設楽郡に属する村。
C1148,7900,4900,四日市市（よっかいちし）は、三重県の北部（北勢）に位置する市。
C1149,7300,4600,「その手は桑名の焼き蛤」。東海道の宿場町
C1150,7100,4100,鈴鹿市（すずかし）は、三重県の中北部に位置する人口約19万の市。
C1151,7100,4300,名張市（なばりし）は、三重県西部、伊賀地方に位置する市。1954年（昭和29年）3月31日に市制を施行した。
C1152,6400,4200,尾鷲市（おわせし）は、三重県の南部に位置する市。1954年（昭和29年）6月20日に1町4村の合併により誕生した。
C1153,5200,3500,亀山市（かめやまし）は、三重県中北部にある市。
C1154,5500,3400,熊野古道と獅子岩。世界遺産の鬼ヶ城
C1155,5600,3300,いなべ市（いなべし）は、三重県の北勢地域にある市。2003年に員弁郡北勢町・員弁町・大安町・藤原町の4町が合併して発足した。
C1156,7200,4500,伊賀流忍者のふるさと。松尾芭蕉もこの地の生まれ
C1157,3500,2100,木曽岬町（きそさきちょう）は、三重県の北東端、木曽三川の河口部に位置する町。
C1158,3900,2100,東員町（とういんちょう）は、三重県員弁郡に属している町。1967年（昭和42年）4月に町制を施行した。
C1159,5200,2500,菰野町（こものちょう）は、三重県の町。三重郡に属す。
C1160,2400,1200,朝日町（あさひちょう）は、三重県三重郡に属している町。三重県で最も面積が小さい市町村である。
C1161,2800,1400,川越町（かわごえちょう）は、三重県三重郡に属している町。三重県内では隣接する朝日町に次いで面積が小さい自治体である一方、可住地面積割合は木曽岬町と同じく100%で県内第1位の自治体
C1162,3100,1500,多気町（たきちょう）は、三重県の中部にある町。多気郡に属す。
C1163,2900,1700,明和町（めいわちょう）は、三重県中南勢地域に位置する町。多気郡に属する。
C1164,1800,800,大台町（おおだいちょう）は、三重県多気郡にある町。町全域が国際連合教育科学文化機関の生物圏保護区（ユネスコエコパーク）「大台ケ原・大峯山・大杉谷」の一部として登録されている。
C1165,1800,800,玉城町（たまきちょう）は、三重県度会郡にある町。南勢地域（伊勢志摩）に含まれる。
C1166,2500,1400,度会町（わたらいちょう）は、三重県の町。度会郡に属す。南勢地域（伊勢志摩）に含まれる。
C1167,2800,1300,大紀町（たいきちょう）は、三重県度会郡の町。南勢地域（伊勢志摩）に含まれる。
C1168,3000,1800,南伊勢町（みなみいせちょう）は、三重県度会郡にある町。南勢地域（伊勢志摩）に含まれる。
C1169,3800,1700,紀北町（きほくちょう）は、三重県南部にある北牟婁郡の町。平成の大合併で旧紀伊長島町と旧海山町（みやまちょう）を引き継いで2005年（平成17年）10月11日に新設され、北牟婁郡に属
C1170,1800,800,御浜町（みはまちょう）は、三重県にある町。南牟婁郡に属す。南部に位置し、東紀州地域に含まれている。
C1171,3100,1500,紀宝町（きほうちょう）は、三重県の最南端に位置する町。南牟婁郡に属しており、2006年（平成18年）1月10日に旧紀宝町と旧鵜殿村との合併により新たに誕生した。
C1172,7400,4500,草津市（くさつし）は、滋賀県南東部に位置する市。県庁所在地の大津市に次ぐ、県下第2位の人口を有する都市である。
C1173,5400,3000,守山市（もりやまし）は、近畿地方北東部、滋賀県の南西部にある市。
C1174,6100,3800,栗東市（りっとうし）は、滋賀県の南部に位置する市。
C1175,7300,4400,甲賀流忍者と信楽焼のたぬき。忍術屋敷が現存する
C1176,1800,1400,野洲市（やすし）は、滋賀県南部にある市。琵琶湖の南岸に位置する。
C1177,4800,3300,湖南市（こなんし）は、滋賀県の南部、甲賀地域に位置する市。
C1178,6200,4100,高島市（たかしまし）は、滋賀県北西部にある市。西近江路・若狭街道が縦貫する交通の要衝として発展した。
C1179,6400,3700,東近江市（ひがしおうみし）は、滋賀県の南東部にある市。地理的位置は京阪神と中京圏とのほぼ中間にあたる。
C1180,6900,4000,米原市（まいばらし）は、滋賀県北東部にある市。隣接する長浜市とともに湖北地域（湖北区域、湖北圏域）に属する都市である。
C1181,3400,2000,日野町（ひのちょう）は、滋賀県南東部に位置する町。湖東地方の南端に位置する自治体である。
C1182,3100,1400,竜王町（りゅうおうちょう）は、滋賀県の琵琶湖東側（湖東地方）にある町。
C1183,4400,1900,愛荘町（あいしょうちょう）は、滋賀県の東部に位置し、愛知郡に属する町。
C1184,2600,1000,豊郷町（とよさとちょう）は、滋賀県の東部（湖東地方）に位置する犬上郡の町。
C1185,2300,1300,甲良町（こうらちょう）は、滋賀県の東部（湖東地域）にある町。犬上郡に属す。
C1186,2800,1500,多賀町（たがちょう）は、滋賀県の町。犬上郡に属す。
C1187,1800,800,明智光秀が築いた城下町。肉じゃが発祥を名乗る街のひとつ
C1188,5700,3500,綾部市（あやべし）は、京都府北部に位置する市。
C1189,6600,4100,亀岡市（かめおかし）は、京都府の中西部に位置する市。1955年（昭和30年）、市制施行。
C1190,4900,2700,城陽市（じょうようし）は、京都府の南部に位置する市。
C1191,6300,3700,向日市（むこうし）は、京都府の南西に位置する市。
C1192,6200,3800,長岡京市（ながおかきょうし）は、京都府の南西に位置する市。
C1193,6500,4300,八幡市（やわたし）は、京都府の南部に位置する市。
C1194,6300,3700,京田辺市（きょうたなべし）は、京都府南部に位置する市。大阪府・奈良県との府県境近くにある。
C1195,6500,3800,夕日ヶ浦温泉と間人ガニ。丹後ちりめんの産地
C1196,5900,4000,南丹市（なんたんし）は、京都府の中部、丹波地方にある市。面積は隣接する京都市に次いで府内第2位である。
C1197,6000,3900,木津川市（きづがわし）は、京都府の南部に位置する市。
C1198,4600,2400,大山崎町（おおやまざきちょう）は、京都府南部に位置し、乙訓郡に属する町。
C1199,4900,2500,久御山町（くみやまちょう）は、京都府の南部に位置し、久世郡に属する町。
C1200,2900,1200,井手町（いでちょう）は、京都府の南部に位置し、綴喜郡に属する町。
C1201,3500,2100,宇治田原町（うじたわらちょう）は、京都府の南部に位置し、綴喜郡に属する町。
C1202,4200,2300,笠置町（かさぎちょう）は、京都府の南部に位置する町。1934年（昭和9年）に町制を施行した。
C1203,3500,1800,和束町（わづかちょう）は、京都府の南部に位置する町。煎茶の日本一の産地である。
C1204,5900,2800,精華町（せいかちょう）は、京都府の南部に位置する町。相楽郡に属する。
C1205,4500,1900,南山城村（みなみやましろむら）は、京都府南部に位置し、相楽郡に属する村。
C1206,4100,2100,京丹波町（きょうたんばちょう）は、京都府の中部に位置し、船井郡に属する町。
C1207,4400,1900,伊根町（いねちょう）は、京都府の丹後半島の北東部 (与謝郡) に位置する町である。
C1208,4600,2400,与謝野町（よさのちょう）は、京都府の丹後半島の付け根にある町。
C1209,7400,4500,だんじり祭の熱狂。やりまわしは魂の技
C1210,7800,4600,豊中市（とよなかし）は、大阪府の北摂豊能地域に位置する市。中核市に指定されている。
C1211,6900,4000,池田市（いけだし）は、大阪府の北摂豊能地域に位置する市。1939年（昭和14年）市制施行。
C1212,7900,4900,吹田市（すいたし）は、大阪府の北摂三島地域に位置する市。中核市に指定されている。
C1213,5400,3100,泉大津市（いずみおおつし）は、大阪府の泉北地域に位置する市。
C1214,7800,4700,高槻市（たかつきし）は、大阪府の北摂三島地域に位置する市。中核市に指定されている。
C1215,6200,3700,貝塚市（かいづかし）は、大阪府の泉南地域に位置する市。
C1216,6600,4100,守口市（もりぐちし）は、大阪府の北河内地域に位置する市。
C1217,7800,5100,茨木市（いばらきし）は、大阪府の北摂三島地域に位置する市。施行時特例市に指定されている。
C1218,7600,4700,八尾市（やおし）は、大阪府の中河内地域に位置する市。中核市に指定されている。
C1219,6400,4100,富田林市（とんだばやしし）は、大阪府の南河内地域に位置する市。
C1220,7400,4400,寝屋川市（ねやがわし）は、大阪府の北河内地域に位置する市。中核市に指定されている。
C1221,6800,4300,河内長野市（かわちながのし）は、大阪府の南河内地域に位置する市。
C1222,5800,3400,松原市（まつばらし）は、大阪府の南河内地域に位置する市。1955年（昭和30年）市制施行。
C1223,6600,4400,大東市（だいとうし）は、大阪府の北河内地域に位置する市。人口は11万人。
C1224,6700,4100,和泉市（いずみし）は、大阪府の泉北地域に位置する市。
C1225,7800,4500,箕面市（みのおし）は、大阪府の北摂豊能地域に位置する市。1956年（昭和31年）市制施行。
C1226,6100,3700,柏原市（かしわらし）は、大阪府の中河内地域に位置する市。1958年（昭和33年）市制施行。
C1227,7100,4300,羽曳野市（はびきのし）は、大阪府南河内地域に位置する市。ぶどうとイチジクの栽培が盛ん。
C1228,7000,4100,門真市（かどまし）は、大阪府の北河内地域に位置する市。
C1229,6500,4300,摂津市（せっつし）は、大阪府の北摂三島地域に位置する市。1966年（昭和41年）市制施行。
C1230,5200,3500,高石市（たかいしし）は、大阪府の泉北地域に位置する市。堺泉北臨海工業地帯に位置する工業都市である。
C1231,5800,3500,藤井寺市（ふじいでらし）は、大阪府の南河内地域北部に位置する市。
C1232,6000,3700,泉南市（せんなんし）は、大阪府の泉南地域に位置する市。
C1233,7100,4700,四條畷市（しじょうなわてし）は、大阪府の北河内地域に位置する市。
C1234,7200,4800,交野市（かたのし）は、大阪府の北河内地域に位置する市。
C1235,6400,3900,大阪狭山市（おおさかさやまし）は、大阪府の南河内地域にある市。
C1236,4900,2700,阪南市（はんなんし）は、大阪府の泉南地域に位置する市。
C1237,5100,2300,島本町（しまもとちょう）は、大阪府の北摂三島地域に位置し、三島郡に属する町。
C1238,5000,2300,豊能町（とよのちょう）は、大阪府豊能地域に位置し、豊能郡に属する町。
C1239,5000,2300,能勢町（のせちょう）は、大阪府豊能地域にある町。
C1240,6300,3200,忠岡町（ただおかちょう）は、大阪府泉北地域に位置し、泉北郡に唯一属する町。
C1241,4100,2300,熊取町（くまとりちょう）は、大阪府泉南地域に位置し、泉南郡に属する町。
C1242,4000,2100,田尻町（たじりちょう）は、大阪府泉南地域に位置し、泉南郡に属する町。
C1243,3600,1900,岬町（みさきちょう）は、大阪府泉南地域に位置する町。泉南郡に属する。
C1244,3900,1800,太子町（たいしちょう）は、大阪府南河内地域に位置し、南河内郡に属する町。
C1245,1800,800,河南町（かなんちょう）は、大阪府南河内地域に位置し、南河内郡に属する町。
C1246,6000,2200,千早赤阪村（ちはやあかさかむら）は、大阪府南河内地域に位置し、南河内郡に属する村。
C1247,7700,5000,日本標準時の子午線が通る街。明石焼きとタコ
C1248,8000,5000,甲子園球場とえべっさんの総本社。ハルヒの聖地
C1249,6700,4100,洲本市（すもとし）は、兵庫県南部、淡路島中部を西から南東に貫く市。
C1250,7400,4900,芦屋市（あしやし）は、兵庫県南東部（阪神間）にある市。
C1251,7600,4600,伊丹市（いたみし）は、兵庫県南東部の阪神間に位置する市。阪神北県民局管轄区域。
C1252,5400,3400,相生市（あいおいし）は、兵庫県の島嶼部を除いた地域の南西部に位置する市。
C1253,7600,4700,加古川市（かこがわし）は、兵庫県の南部、播磨灘に面した市。施行時特例市に指定されており、東播磨地方の中核都市として機能している。
C1254,6500,3800,忠臣蔵・四十七士のふるさと。赤穂の塩
C1255,5100,2900,西脇市（にしわきし）は、兵庫県東部の瀬戸内海に比較的近い内陸部にある市。
C1256,6400,4000,三木市（みきし）は、兵庫県の中南部、神戸市の北西に位置する市である。
C1257,6000,3600,高砂市（たかさごし）は、兵庫県の播磨南東部に位置する市。1954年（昭和29年）7月に市制を施行した。
C1258,7000,4500,川西市（かわにしし）は、兵庫県の南東部に位置する市。大阪府との府境に面する。
C1259,4700,2800,小野市（おのし）は、兵庫県の中南部のほぼ中心に位置する市。北播磨県民局に区分されている。
C1260,7300,4800,三田市（さんだし）は、兵庫県の南東部に位置する市。阪神北県民局管轄区域。
C1261,5100,3400,加西市（かさいし）は、兵庫県の南部に位置する市。地域的には東播磨（東播）または北播磨（北播）だが、兵庫県北播磨県民局管内に区分されている。
C1262,7500,4600,丹波篠山市（たんばささやまし）は、兵庫県の中東部に位置する市。
C1263,6300,3800,養父市（やぶし）は、兵庫県の北部、但馬地方に位置する市。面積は約422.78km2で兵庫県全体の約5.0%を占める。
C1264,7100,4400,丹波市（たんばし）は、兵庫県の東部に位置する市。中国山地東端の中山間地にある。
C1265,5100,2900,南あわじ市（みなみあわじし）は、兵庫県の南部、淡路島最南端（県全体としても南端）に位置する市。
C1266,1800,1400,朝来市（あさごし）は、兵庫県の中北部に位置する市である。但馬県民局管轄地域。
C1267,1800,800,宍粟市（しそうし）は、兵庫県の中西部に位置する市。県下では豊岡市に次いで2番目に面積が大きい自治体である。
C1268,5100,3200,加東市（かとうし）は、兵庫県の播磨地方の東側に位置する市。兵庫県北播磨県民局に区分されている。
C1269,6700,4500,たつの市（たつのし）は、兵庫県の南西部（西播磨県民局）にある市。
C1270,1800,800,猪名川町（いながわちょう）は、兵庫県の南東部に位置する町。川辺郡に唯一現存する自治体で、阪神北県民局管轄区域。
C1271,4200,1800,多可町（たかちょう）は、兵庫県の中央部に位置し、多可郡に属する町。
C1272,4000,2000,稲美町（いなみちょう）は、兵庫県の中南部にある町。加古郡に属す。
C1273,4500,2000,播磨町（はりまちょう）は、兵庫県の南部にある町。加古郡に属す。
C1274,3900,1900,市川町（いちかわちょう）は、兵庫県神崎郡の中央部に位置する町。
C1275,3700,2100,福崎町（ふくさきちょう）は、兵庫県の南西部、播磨（中播磨）に位置する町。
C1276,4600,2100,神河町（かみかわちょう）は、兵庫県のほぼ中央に位置する町。神崎郡に属し、2005年11月7日に同郡神崎町と大河内町が合併して誕生した。
C1277,4000,1800,太子町（たいしちょう）は、兵庫県の南西部（西播磨地域）に位置する町。
C1278,3800,1900,上郡町（かみごおりちょう）は、兵庫県の南西部にある町。兵庫県西播磨県民局の所管区域。
C1279,4500,2000,佐用町（さよちょう、さようちょう）は、兵庫県の南西部に位置し、佐用郡に属する町。
C1280,4900,2400,香美町（かみちょう）は、兵庫県の北部にある町。美方郡に属する。
C1281,5300,2400,新温泉町（しんおんせんちょう）は、兵庫県の最北西端に位置し鳥取県と境を接する町。
C1282,5100,3400,大和高田市（やまとたかだし）は、奈良県中西部に位置する市。中和・葛城地域の中核都市である。
C1283,6700,4500,大和郡山市（やまとこおりやまし）は、奈良県北部にある市。
C1284,7900,5200,日本唯一の宗教都市を名乗る。天理ラーメンも有名
C1285,1800,1300,桜井市（さくらいし）は、奈良県中部、中和地域に位置する市である。
C1286,6100,3500,五條市（ごじょうし）は、奈良県南西部の市。南和地域の中心都市。
C1287,5600,3200,御所市（ごせし）は、奈良県の中部に位置する市。奈良県内の市では最も人口が少ない。
C1288,6500,4300,生駒市（いこまし）は、奈良県の北西部に位置する市。1971年（昭和46年）11月1日市制施行。
C1289,5400,3500,香芝市（かしばし）は、奈良県中西部に位置する市。人口はおよそ7万7千人。
C1290,4600,2800,葛城市（かつらぎし）は、奈良県中西部に位置し、大阪府と境を接する市。
C1291,5600,3300,宇陀市（うだし）は、奈良県の宇陀地域（東和）に位置する市。
C1292,2900,1100,山添村（やまぞえむら）は、奈良県北東部、三重県との県境に位置する村。
C1293,3600,1800,平群町（へぐりちょう）は、奈良県西北部に位置する生駒郡の町。
C1294,2800,1500,三郷町（さんごうちょう）は、奈良県生駒郡に属する町。
C1295,4800,2300,斑鳩町（いかるがちょう）は、奈良県の北西部に位置する町。生駒郡に属す。
C1296,2500,1600,安堵町（あんどちょう）は、奈良県生駒郡の町。面積は4.31平方キロメートル（東京ドーム約100個分に相当する）で、大阪府泉北郡忠岡町、奈良県磯城郡三宅町に次いで全国で3番目に小さい
C1297,1800,1200,川西町（かわにしちょう）は、奈良県磯城郡にある町。
C1298,2400,1500,三宅町（みやけちょう）は、奈良県磯城郡の町。面積4.07平方キロ。
C1299,3700,1700,田原本町（たわらもとちょう）は、奈良県磯城郡の南端に位置する町（中和地区）。
C1300,3500,1400,曽爾村（そにむら）は、奈良県にある村。
C1301,3300,1400,御杖村（みつえむら）は、奈良県宇陀郡にある村。奈良県と三重県の県境に位置している。
C1302,2700,1700,高取町（たかとりちょう）は、奈良県中部高市郡に位置する町。
C1303,2400,1400,上牧町（かんまきちょう）は、奈良県北葛城郡の町。奈良県の北西部に位置する。
C1304,3800,1900,王寺町（おうじちょう）は、奈良県北西部に位置する町。北葛城郡に属す。
C1305,3200,1500,広陵町（こうりょうちょう）は、奈良県北葛城郡の南東部に位置する町。
C1306,2400,1000,河合町（かわいちょう）は奈良県北葛城郡の町。奈良盆地西部に位置する（奈良県全体では北西部に位置する）。
C1307,2900,1300,大淀町（おおよどちょう）は、奈良県中部、吉野川右岸に位置する町。
C1308,2300,1200,下市町（しもいちちょう）は、奈良県吉野郡にある町。
C1309,2300,900,黒滝村（くろたきむら）は、奈良県の中部に位置する吉野郡に属する村。
C1310,5300,1900,天川村（てんかわむら）は、奈良県の南部に位置する村。キャッチフレーズは「天の国」「木の国」「川の国」。
C1311,5700,2700,野迫川村（のせがわむら）は、奈良県南部に位置する村。2020年国勢調査によれば、離島を除いて日本で最も人口が少ない自治体である。
C1312,7400,2800,十津川村（とつかわむら）は、奈良県の最南端に位置する村。吉野郡に属する。
C1313,1800,1100,下北山村（しもきたやまむら）は、奈良県の南部に位置する村。吉野郡に属する。
C1314,4100,1400,上北山村（かみきたやまむら）は、奈良県の南東部にある村。吉野郡に属する。
C1315,4100,2000,川上村（かわかみむら）は、奈良県南東部にある村。吉野杉等を育てる吉野林業の中心地である。
C1316,2500,1400,東吉野村（ひがしよしのむら）は、奈良県東部に位置する村。
C1317,4900,2800,海南市（かいなんし）は、和歌山県の北部沿岸部に位置する市。紀北地域（紀北圏域）に属する。
C1318,4800,2700,橋本市（はしもとし）は、和歌山県の北東端に位置する市。和歌山県内で唯一大阪都市圏に含まれる市である。
C1319,4800,3000,有田市（ありだし）は、和歌山県中部に位置する市。紀中地域（有田圏域）に属する。
C1320,5500,3400,御坊市（ごぼうし）は、和歌山県中部に位置する市。和歌山県紀中・日高地域での中核の都市である。
C1321,6600,4000,田辺市（たなべし）は、和歌山県中南部に位置する市。
C1322,1800,1000,新宮市（しんぐうし）は、和歌山県南部にある市。熊野川の河口に位置する。
C1323,5000,2800,紀の川市（きのかわし）は、和歌山県の北部に位置する市。紀北地域（紀北圏域）に属する。
C1324,4500,2800,岩出市（いわでし、英: Iwade-City）は、和歌山県北部（紀北地域）に位置する市。
C1325,2400,1100,紀美野町（きみのちょう）は、和歌山県北部の海草郡にある町。
C1326,3500,1900,かつらぎ町（かつらぎちょう）は、和歌山県伊都郡の町。
C1327,3300,1600,九度山町（くどやまちょう）は、和歌山県北部に位置する町。
C1328,2500,1000,湯浅町（ゆあさちょう）は、和歌山県有田郡にある町。紀中地域（有田圏域）に属する。
C1329,2200,900,広川町（ひろがわちょう）は、和歌山県の中央北寄りに位置し、有田郡に属する町。
C1330,3200,1700,有田川町（ありだがわちょう）は、和歌山県の中央部、有田郡に属する町。
C1331,2300,1000,美浜町（みはまちょう）は、和歌山県日高郡の町。紀中地域（日高圏域）に属する。
C1332,2200,1200,日高町（ひだかちょう）は、和歌山県日高郡にある町。クエの町として有名である。
C1333,2300,1100,由良町（ゆらちょう）は、和歌山県のほぼ中央部に位置する町。町全体は東西に広がり、東側は山地、西側は紀伊水道に面する。
C1334,2300,1300,印南町（いなみちょう）は、和歌山県の日高郡にある町。紀中地域（日高圏域）に属する。
C1335,2600,1600,みなべ町（みなべちょう）は、和歌山県日高郡にある町。紀南地域（西牟婁圏域）に属する。
C1336,2700,1500,日高川町（ひだかがわちょう）は、和歌山県日高郡にある町。2005年（平成17年）5月1日に、日高郡川辺町・中津村・美山村が合併して発足した。
C1337,2600,1400,上富田町（かみとんだちょう）は和歌山県西牟婁郡にある町。紀南地域（西牟婁圏域）に属する。
C1338,2800,1700,すさみ町（すさみちょう）は、和歌山県の南端にある町。西牟婁郡に属す。
C1339,3500,1900,太地町（たいじちょう）は、和歌山県東牟婁郡に属する町。紀南地域（東牟婁圏域）に属する。
C1340,2400,1200,古座川町（こざがわちょう）は、和歌山県の南方に位置する東牟婁郡の町。
C1341,1800,800,北山村（きたやまむら）は、和歌山県東牟婁郡の村。紀南地域（東牟婁圏域）に属する。
C1342,1800,800,本州最南端の潮岬。ラムサール条約のサンゴの海
C1343,6200,4100,白壁土蔵群の街並み。二十世紀梨のふるさと
C1344,2700,1200,岩美町（いわみちょう）は、鳥取県の最東端に位置する町。岩美郡に属す。
C1345,2800,1700,若桜町（わかさちょう）は、鳥取県の東南端に位置する町である。八頭郡に属す。
C1346,3300,1700,智頭町（ちづちょう）は、鳥取県八頭郡に属する町。鳥取県の南東部に位置しており、鳥取藩の宿場町でもある智頭宿で知られている。
C1347,4000,1800,"八頭町（やずちょう）は、鳥取県の東部に位置する町。扇ノ山など1,000メートルを超える山々に囲まれた中山間地域にある。"
C1348,2500,1600,三朝町（みささちょう）は、鳥取県の中央部にある町。一級河川の天神川とその支流や谷筋に沿って64の集落が点在する。
C1349,3100,1700,湯梨浜町（ゆりはまちょう）は、鳥取県の中央部に位置し日本海に面する町。
C1350,1800,800,琴浦町（ことうらちょう）は、鳥取県の中部に位置する町。日本海側は商工業地域、中部は農業地帯、南部は大山滝や船上山などがある中山間地となっている。
C1351,3200,1700,北栄町（ほくえいちょう）は、鳥取県中部にある町。南部は倉吉市と接して中国山地に続く高地となっている一方、北部は日本海に面する東西約12.5キロメートルに及ぶ砂丘海岸となっている。
C1352,1800,800,日吉津村（ひえづそん）は、鳥取県の西部に位置し三方を米子市に囲まれた村である。
C1353,3800,1700,大山町（だいせんちょう）は、鳥取県の西部に位置し、中国地方の最高峰でもある大山の名を冠する町。
C1354,2300,1000,南部町（なんぶちょう）は、鳥取県の西部、島根県と境を接する町。
C1355,3500,2100,伯耆町（ほうきちょう）は、鳥取県の西部に位置する町。大山西麓の日野川の流域にあたる。
C1356,2600,1400,日南町（にちなんちょう）は、鳥取県の南西の内陸部にある町。1959年（昭和34年）に新市町村建設促進法に基づく合併により誕生した。
C1357,2300,1500,日野町（ひのちょう）は、鳥取県の南西部にある町。日野郡に属し、豪雪地帯となっている。
C1358,1800,1100,江府町（こうふちょう）は、鳥取県の西部に位置する町。町名は町内を流れる日野川、俣野川、船谷川、小江尾川など「河川が合流し府（中心）となす」ところから名付けられた。
C1359,6400,3700,どんちっち三魚の水揚げ港。石見神楽の本場
C1360,6300,4100,益田市（ますだし）は、島根県の西部（石見地域）に位置する市。石東の大田市、石央の浜田市とともに、いわゆる「石見三田」（いわみさんだ）の一つ。
C1361,5700,3200,大田市（おおだし）は、島根県のほぼ中央部にある市。石見地域の東部に位置する。
C1362,5900,3400,どじょうすくいの安来節。足立美術館の庭園は21年連続日本一
C1363,5400,3200,江津市（ごうつし）は、島根県の西部（石見地域）にある市。山陰地方で最も人口が少なく、また島根県では最も面積が狭い市でもある。
C1364,5200,3000,雲南市（うんなんし）は、島根県東部に位置する市。島根県で最も新しい市 である。
C1365,3700,2100,奥出雲町（おくいずもちょう）は、島根県の東部、仁多郡の町。
C1366,2500,1500,飯南町（いいなんちょう）は、島根県の中南部にある町。飯石郡に属し、同郡唯一の町となっている。
C1367,2500,1000,川本町（かわもとまち）は、島根県の中部に位置する町。邑智郡に属する。
C1368,2400,1300,美郷町（みさとちょう）は、島根県の中央部に位置する町。邑智郡に属している。
C1369,4600,2500,邑南町（おおなんちょう）は、島根県の中部に位置する町。邑智郡に属する。
C1370,1800,800,吉賀町（よしかちょう）は、島根県の南西部最南端に位置する町。
C1371,4400,2100,海士町（あまちょう）は、島根県の町。隠岐郡に属す。日本海に浮かぶ隠岐諸島の島前にあり、中ノ島を主島とする1島1町の自治体である。
C1372,3600,1900,西ノ島町（にしのしまちょう）は、島根県の町。隠岐郡に属し、日本海に浮かぶ隠岐諸島の西ノ島に所在する。
C1373,2600,1400,知夫村（ちぶむら）は、島根県隠岐郡の村。県内唯一の村である。隠岐諸島の最南端に位置し、有人島の知夫里島と周辺の神島・浅島・島津島・大波加島などの無人島により構成される。
C1374,7900,4800,桜の名所・津山城とホルモンうどん
C1375,5400,3300,玉野市（たまのし）は、岡山県の南端、瀬戸内海沿岸に位置している市。
C1376,5800,3600,笠岡市（かさおかし）は、岡山県の南西部にある市。1952年（昭和27年）市制施行。
C1377,4900,2800,井原市（いばらし）は、岡山県の南西部にある市。備後圏域連携中枢都市圏の構成自治体の一つである（福山都市圏も参照）。
C1378,6100,3500,総社市（そうじゃし）は、岡山県の中南部にある市。市域は古代吉備の国の中心地として栄えた地域である。
C1379,5400,3100,新見市（にいみし）は、岡山県の北西端部に位置する市。2005年（平成17年）に旧・新見市、大佐町、神郷町、哲多町、哲西町（以上で阿新圏域と呼称）が合併して誕生した。
C1380,7000,4500,千年の炎が生む備前焼。日本六古窯の筆頭格
C1381,4700,3000,瀬戸内市（せとうちし）は、岡山県の南東部（東備地域）に位置する市。
C1382,4900,3100,赤磐市（あかいわし）は、岡山県の中南部にある市。南部には住宅団地があり、岡山市のベッドタウンとなっている。
C1383,5900,3500,真庭市（まにわし）は、岡山県の北中部に位置し、鳥取県と境を接する市。
C1384,5600,3600,美作市（みまさかし）は、岡山県の北東部（旧美作国）に位置し、兵庫県および鳥取県と県境を接する市。
C1385,4300,3000,浅口市（あさくちし）は、岡山県の南西部に位置する市。岡山県内で最も面積が小さい市である。
C1386,3300,1500,和気町（わけちょう）は、岡山県の南東部にある町。和気郡に属する。
C1387,3000,1400,早島町（はやしまちょう）は、岡山県南中央部に位置し、都市雇用圏では岡山都市圏に属する町。
C1388,6600,3600,里庄町（さとしょうちょう）は、岡山県の南西部に位置する町。浅口郡に属する唯一の自治体である。
C1389,3200,1900,矢掛町（やかげちょう）は、岡山県の南西部にある町。小田郡に属す。
C1390,2500,1400,新庄村（しんじょうそん）は、岡山県の北西部にあり、鳥取県と境を接する村。
C1391,2800,1300,鏡野町（かがみのちょう）は、岡山県の北中部に位置し鳥取県と境を接する町。
C1392,2500,1200,勝央町（しょうおうちょう）は、岡山県の北東部に位置する町。坂田金時終焉の地として知られる。
C1393,3000,1600,奈義町（なぎちょう）は、岡山県北東部、鳥取県との県境にある町。
C1394,3400,1200,西粟倉村（にしあわくらそん）は、岡山県の北東端にあり、兵庫県および鳥取県と県境を接する村である。
C1395,2200,1400,久米南町（くめなんちょう）は、岡山県の中央部やや東寄りに位置する町。
C1396,3600,1600,美咲町（みさきちょう）は、岡山県の中央部に位置する町。卵かけご飯発祥の地として知られる。
C1397,3700,2100,吉備中央町（きびちゅうおうちょう）は、岡山県の中部に位置する町。
C1398,5400,3000,安芸の小京都。たまゆらの舞台になった町並み保存地区
C1399,6400,3800,三原市（みはらし）は、広島県南部に位置する市。備後圏域連携中枢都市圏の構成自治体の一つである（福山都市圏も参照）。
C1400,8000,4900,福山市（ふくやまし）は、広島県の最東部、備後地域にある市。県内では広島市に次ぐ人口となっている。
C1401,6500,3700,府中市（ふちゅうし）は、広島県の南東部に位置する市。備後圏域連携中枢都市圏の構成自治体の一つである（福山都市圏も参照）。
C1402,7100,4300,三次市（みよしし）は、広島県の北部に位置する市。
C1403,6200,3900,庄原市（しょうばらし）は、広島県の北東部に位置する市。中国地方のほぼ中央に位置しており、東は岡山県、北は島根県や鳥取県と県境で接する。
C1404,3900,2600,大竹市（おおたけし）は、広島県南西部にある市。瀬戸内海沿岸では広島県最西端の都市である。
C1405,7500,4400,酒都・西条。酒蔵通りに赤レンガの煙突が並ぶ
C1406,6800,4400,安芸高田市（あきたかたし）は、広島県の北部に位置する市。戦国大名の毛利元就の本拠地として知られ、その居城でもある郡山城が所在する。
C1407,6400,3900,江田島市（えたじまし）は、広島県西部の瀬戸内海島嶼部に位置する市である。
C1408,7400,3500,府中町（ふちゅうちょう）は、広島県の南西部に位置する町。日本の町村の中で推計人口が一番多い。
C1409,4300,2500,海田町（かいたちょう）は、広島県の町。安芸郡に属している。
C1410,3900,2100,熊野町（くまのちょう）は、広島県の町。安芸郡。人口は2025年時点で約2万2514人。
C1411,2800,1500,坂町（さかちょう）は、広島県の町。安芸郡に属する。
C1412,3300,2000,安芸太田町（あきおおたちょう）は、広島県の山県郡を構成する2町のうちの1町。
C1413,4400,2200,北広島町（きたひろしまちょう）は、広島県の北西部に位置する町。
C1414,4500,2000,大崎上島町（おおさきかみじまちょう）は、広島県豊田郡の町。竹原港、安芸津港からのフェリーで約30分の、芸予諸島に位置する大崎上島などを町域とする。
C1415,3600,1700,世羅町（せらちょう）は、広島県のほぼ中央に位置する世羅郡唯一の町。
C1416,4200,2100,神石高原町（じんせきこうげんちょう）は、広島県の中東部に位置し岡山県と境を接する町。
C1417,7500,5000,宇部市（うべし）は、山口県の西部に位置する市。周防灘（瀬戸内海）に面している。
C1418,7500,4900,防府市（ほうふし）は、山口県の中南部にある市。瀬戸内海の周防灘に面している。
C1419,5000,3400,下松市（くだまつし）は、山口県の東南部に位置する市。
C1420,5200,3000,光市（ひかりし）は、山口県の東南部に位置する市。
C1421,5500,3500,長門市（ながとし）は、山口県の北部にある市。日本海に面している。
C1422,4500,3000,柳井市（やないし）は、山口県の南東部にある市。
C1423,5800,3400,美祢市（みねし）は、山口県の中央部にある市。
C1424,7700,4700,周南市（しゅうなんし）は、山口県の東南部に位置する市。
C1425,6000,3700,山陽小野田市（さんようおのだし）は、山口県の南西部にある市。宇部都市圏に属するとともに福岡県北九州市との関係も深く、関門都市圏の一部でもある。
C1426,6000,3000,周防大島町（すおうおおしまちょう）は、山口県の南東部、屋代島（周防大島）に位置する町。
C1427,4100,2400,和木町（わきちょう）は、山口県本土部の最東にある町。玖珂郡で唯一残る町である。
C1428,3000,1200,上関町（かみのせきちょう）は、山口県の南東部にある町。熊毛郡に属する。
C1429,4400,2500,田布施町（たぶせちょう）は、山口県の南東部の町。熊毛郡に属する。
C1430,1800,800,平生町（ひらおちょう）は、山口県の東南部に位置する町。熊毛郡に属する。
C1431,3800,2100,阿武町（あぶちょう）は、山口県の北部に位置する町。阿武郡に属す。
C1432,4200,2400,小松島市（こまつしまし）は、徳島県のおよそ東部中央、紀伊水道沿岸に位置する市。
C1433,5300,3000,阿南市（あなんし）は、徳島県の南東部に位置し、徳島市に次ぐ県内第二の都市。
C1434,3200,2000,吉野川市（よしのがわし）は、徳島県北東部にある市。
C1435,3000,1900,阿波市（あわし）は、徳島県の北東部にある市。吉野川北岸に位置する。
C1436,1800,1300,うだつの町並みで知られる脇町。うだつが上がる街
C1437,2300,1300,勝浦町（かつうらちょう）は、徳島県の東部にある町。1955年に横瀬町と生比奈村が合併して誕生した。
C1438,2300,900,佐那河内村（さなごうちそん）は、徳島県の北東に位置する村。徳島県唯一の村であり、常会などの住民自治組織が継承されている。
C1439,2300,1000,石井町（いしいちょう）は、徳島県の北東、徳島市の西隣りに位置する町。
C1440,1800,900,神山町（かみやまちょう）は、徳島県の中部にある町。吉野川の南側に並行して流れる鮎喰川上流域に位置する。
C1441,2800,1500,那賀町（なかちょう）は、徳島県の南部に位置する町。那賀郡に属する。
C1442,2400,900,牟岐町（むぎちょう）は、徳島県の町。海部郡に属す。町制前の名称である牟岐村（むぎそん）についても本項で述べる。
C1443,2500,1600,美波町（みなみちょう）は、徳島県の南部に位置する町。2006年（平成18年）に日和佐町と由岐町が合併し誕生した。
C1444,3600,1800,海陽町（かいようちょう）は、徳島県の南部に位置する町。海部郡に属している。
C1445,2500,1200,松茂町（まつしげちょう）は、徳島県の北東部にある町。板野郡に属し、徳島市と鳴門市の間に位置する。
C1446,2400,1400,北島町（きたじまちょう）は、徳島県の北東部、平野部に位置する町。
C1447,3000,1200,藍住町（あいずみちょう）は、徳島県の北東部に位置する町。板野郡に属する。
C1448,2300,900,板野町（いたのちょう）は、徳島県の北東部、阿讃山脈の麓に位置している町。
C1449,1800,800,上板町（かみいたちょう）は、徳島県の北東部に位置する町で、板野郡に属する。
C1450,2500,1500,つるぎ町（つるぎちょう）は、徳島県の町。美馬郡に属している。
C1451,2300,900,東みよし町（ひがしみよしちょう）は、徳島県の西部に位置する町。
C1452,5300,3200,瀬戸大橋の四国側玄関口。讃岐うどんの激戦区
C1453,4600,3100,善通寺市（ぜんつうじし）は、香川県の中讃にある市。香川県の市の中では唯一海に面していない市である。
C1454,5700,3400,銭形砂絵「寛永通宝」を見れば金運アップ
C1455,4600,2900,さぬき市（さぬきし）は、香川県の東部に位置する市。
C1456,4000,2300,東かがわ市（ひがしかがわし）は、香川県の東端にある市。高松市と徳島市のほぼ中間に位置する地域である。
C1457,5500,3400,三豊市（みとよし）は、香川県の西部に位置する市。香川県内では高松市、丸亀市に次いで3番目に人口の多い都市でもある。
C1458,4000,1800,土庄町（とのしょうちょう）は、香川県小豆郡に属する町。小豆島町に隣接する。
C1459,3000,1600,三木町（みきちょう）は、香川県の東部（東讃）に位置する町。讃岐山脈の麓に位置しており町の主要産業は流通の利便性と自然環境を活かした第一次産業である。
C1460,3800,2100,宇多津町（うたづちょう）は、香川県の町。
C1461,3100,1600,綾川町（あやがわちょう）は、香川県の中部に位置する町。讃岐うどん発祥の地として知られる。
C1462,3400,1500,多度津町（たどつちょう）は、香川県仲多度郡に属する町。
C1463,2900,1800,まんのう町（まんのうちょう）は、香川県の町。仲多度郡に属している。
C1464,5500,3700,みかんと魚の街。四国有数のトロール漁業基地
C1465,7400,4500,新居浜市（にいはまし）は、愛媛県の東部に位置する市。瀬戸内海に面し、東予地方の中心都市の一つで計量特定市の指定都市。
C1466,6700,3900,西条市（さいじょうし）は、愛媛県の東予地方にある市。西日本最高峰石鎚山の麓に位置し、瀬戸内海燧灘に面する。
C1467,5400,3100,伊予の小京都。肱川のうかいと臥龍山荘
C1468,4000,2300,伊予市（いよし）は、愛媛県の中予地方に位置する市。中予地方の最西に位置する。
C1469,7200,4500,四国中央市（しこくちゅうおうし）は、愛媛県の東端に位置する市。
C1470,5200,3500,西予市（せいよし）は、愛媛県の南西部に位置する市。
C1471,4800,2800,東温市（とうおんし）は、愛媛県の中予地方に位置する市。愛媛県の市では唯一、海に面していない。
C1472,2900,1400,上島町（かみじまちょう）は、愛媛県の北部にある町。瀬戸内海の25島で構成され、海上で広島県の尾道市や福山市に接する県境の町でもある。
C1473,4000,1800,久万高原町（くまこうげんちょう）は、愛媛県の中央部に位置する町。
C1474,1800,900,松前町（まさきちょう）は、愛媛県の町。伊予郡。北は松山市に境を接しており、その通勤・通学圏に位置する自治体でもある。
C1475,3200,1400,砥部町（とべちょう）は、愛媛県の中央に位置する町。伊予郡。
C1476,3600,1500,内子町（うちこちょう）は、愛媛県の南予地方に位置する町。
C1477,3900,2200,伊方町（いかたちょう）は、愛媛県の南予地方、佐田岬半島に位置する町。
C1478,4100,2300,松野町（まつのちょう）は、愛媛県の南予地方に位置する町。北宇和郡に属する。
C1479,3600,1900,鬼北町（きほくちょう）は、愛媛県の南予地方の町。北宇和郡に属する。
C1480,4100,2000,愛南町（あいなんちょう）は、愛媛県の南部に位置する町。南宇和郡に属す。
C1481,4500,3100,安芸市（あきし）は、高知県の東部に位置し太平洋を臨む市。国や県などの官公署の出先機関も多く所在する県東部の中心都市である。
C1482,1800,1200,その名も「なんこく」市。高知空港と長宗我部氏の岡豊城
C1483,3500,1900,土佐市（とさし）は、高知県中部に位置する市。面積は県内11市の中で最小となっている。
C1484,4000,2500,須崎市（すさきし）は、高知県にある市。太平洋に面している。戦国時代以降、土佐屈指の港町として栄え、カツオ漁などを中心とした漁業の町である。
C1485,5000,3000,四国最南端の足摺岬。ジョン万次郎のふるさと
C1486,3800,2200,香南市（こうなんし）は、高知県東部にある市。南は土佐湾に面する。
C1487,5700,3300,香美市（かみし）は、高知県の東部に位置する市。市域は物部川や国分川の源流域から高知平野に及ぶ。
C1488,2400,1400,東洋町（とうようちょう）は、高知県東部の安芸郡に属する町。徳島県と接する高知県内最東端の自治体である。
C1489,1800,800,奈半利町（なはりちょう）は、高知県東部の安芸郡に属する町。北は北川村、西は奈半利川を隔てて田野町、東は室戸市と接している。
C1490,2200,1100,田野町（たのちょう）は、高知県の東部に位置する町。四国で最も面積の小さい自治体である。
C1491,2200,1100,安田町（やすだちょう）は、高知県東部の安芸郡にある町。
C1492,1800,800,北川村（きたがわむら）は、高知県東部の安芸郡に属する村。室戸岬近くの森林に囲まれた林間地帯に位置する。
C1493,2600,1400,芸西村（げいせいむら）は、高知県南東部の安芸郡に属する村。
C1494,1800,1000,本山町（もとやまちょう）は、高知県北部中央にあり、長岡郡に属する町。
C1495,1800,1100,大豊町（おおとよちょう）は、高知県長岡郡にある町。
C1496,1800,800,土佐町（とさちょう）は、高知県北部中央、土佐郡にある町。四国山地のただ中、吉野川上流域にあり、「四国の水がめ」と呼ばれる早明浦ダムがある。
C1497,1800,800,"大川村（おおかわむら）は、高知県土佐郡にある村。四国山地の標高1,000メートル級の山々に囲まれ、北で愛媛県と県境を接する。"
C1498,1800,1200,いの町（いのちょう）は、高知県の中央部に位置する町。高知県の町村では最大人口の町である。
C1499,1800,1000,仁淀川町（によどがわちょう）は、高知県吾川郡に属する町。
C1500,1800,800,中土佐町（なかとさちょう）は、高知県高岡郡に属する町。
C1501,2600,1300,佐川町（さかわちょう）は、高知県の中西部にある町。高岡郡に属す。
C1502,2200,1400,越知町（おちちょう）は、高知県の中部にある町。仁淀川中流域に位置している。
C1503,1800,900,檮原町（ゆすはらちょう）は、高知県の西部にある町で、高岡郡に属する。
C1504,2200,1200,日高村（ひだかむら）は、高知県の中部にある村。県庁所在地・高知市から西に約16km程の内陸に位置する農業中心の村である。
C1505,2300,1000,津野町（つのちょう）は、高知県中西部に位置する町。四万十川の源流点があることで知られる。
C1506,1800,800,四万十町（しまんとちょう）は、高知県西南部に位置し、高岡郡に属する人口約1.5万人（2025年8月31日現在）の町。
C1507,2300,900,大月町（おおつきちょう）は、高知県南西部にある町。
C1508,2300,1100,三原村（みはらむら）は、高知県南西部に位置する村。四国地方最南端かつ最西端の村である。
C1509,1800,800,黒潮町（くろしおちょう）は、高知県西南部に位置し、幡多郡に属する町である。
C1510,1800,900,大牟田市（おおむたし）は、福岡県の最南端にある市。1917年（大正6年）市制施行。
C1511,1800,1200,とんこつラーメン発祥の地。ゴム産業とブリヂストン
C1512,6500,3700,直方市（のおがたし）は、福岡県の北部に位置する市。筑豊を構成する自治体の一つで、直鞍地区の中心都市である。
C1513,1800,1100,飯塚市（いいづかし）は、福岡県の中部に位置する市。筑豊三都の一つに数える。
C1514,1800,1200,田川市（たがわし）は、福岡県の中央部に位置する市。筑豊地域（都市計画の圏域では筑豊都市圏）に属し、飯塚市、直方市と並んで筑豊三都に挙げられる。
C1515,1800,800,八女市（やめし）は、福岡県の南部にある市。筑後経済圏に属する。
C1516,4200,2700,筑後市（ちくごし）は、福岡県の筑後地方にある市。筑後平野の中央部に位置する。
C1517,4300,2400,大川市（おおかわし）は、福岡県南西部にある市。筑後地方に属している。
C1518,5600,3200,行橋市（ゆくはしし）は、福岡県東部にある市。旧豊前国かつ旧小倉藩の域内にある。
C1519,4500,3000,豊前市（ぶぜんし）は、福岡県の東部にある市。
C1520,4400,2700,中間市（なかまし）は、福岡県の北部にある市。
C1521,5100,3400,小郡市（おごおりし）は、福岡県の南部、佐賀県との県境に位置する市。
C1522,6100,3600,筑紫野市（ちくしのし）は、福岡県の中西部、筑紫地域に位置する市。
C1523,5600,3500,春日市（かすがし）は、福岡県中西部の筑紫地域に位置する市である。
C1524,1800,1200,大野城市（おおのじょうし）は、福岡県中西部の筑紫地域に位置する市。
C1525,1800,800,宗像市（むなかたし）は、福岡県の宗像地方に位置する市。福岡県内4地域の区分では福岡地域に該当する。
C1526,1800,1000,古賀市（こがし）は、福岡県の糟屋地方にある市。
C1527,1800,1400,福津市（ふくつし）は、福岡県北部の宗像地方にあり、福岡市と北九州市の中間に位置する市。
C1528,4900,2900,うきは市（うきはし）は、福岡県の南東部に位置する市。筑後地域（都市計画の圏域では筑後都市圏）に属する。
C1529,5000,3300,宮若市（みやわかし）は、福岡県の北九州市と福岡市のほぼ中間に位置する市。
C1530,1800,1400,嘉麻市（かまし）は、福岡県のほぼ中央に位置する市。筑豊地域（都市計画の圏域では筑豊都市圏）に属する。
C1531,1800,800,朝倉市（あさくらし）は、福岡県の中南部、筑後地域に位置する市。
C1532,1800,1000,みやま市（みやまし）は、福岡県南部にある市。山門郡瀬高町・山川町と三池郡高田町の3町が合併し、2007年1月に発足した。
C1533,1800,1100,那珂川市（なかがわし）は、福岡県の中西部の筑紫地域に位置する市。
C1534,1800,800,宇美町（うみまち）は、福岡県糟屋郡に属する町。
C1535,1800,1200,篠栗町（ささぐりまち）は、福岡県の町。糟屋郡に属す。
C1536,1800,800,志免町（しめまち）は、福岡県福岡市近郊の町。糟屋郡に属し、福岡都市圏の一部である。
C1537,1800,1200,須恵町（すえまち）は福岡県糟屋郡の町。福岡市の東に位置し、福岡都市圏の一部である。
C1538,1800,900,新宮町（しんぐうまち）は、福岡県糟屋郡にある町。都市計画の圏域では、福岡都市圏のうち糟屋地域に属する。
C1539,1800,800,久山町（ひさやままち）は、福岡県糟屋郡にある町。都市計画の圏域では福岡都市圏のうち福岡広域都市圏に属する。
C1540,1800,800,粕屋町（かすやまち）は、福岡県北西部にある町。糟屋郡に属し、九州地方の町村としては最も人口が多い（2020年国勢調査）。
C1541,1800,800,芦屋町（あしやまち）は、福岡県遠賀郡にある町。
C1542,1800,900,水巻町（みずまきまち）は、福岡県北部に位置する町。北九州地域（都市計画の圏域では北九州都市圏）に属する。
C1543,1800,800,岡垣町（おかがきまち）は、福岡県遠賀郡に位置する町。北九州地区を構成する。
C1544,1800,900,遠賀町（おんがちょう）は、福岡県遠賀郡に位置する町。北九州地域（都市計画の圏域では北九州都市圏）に属する。
C1545,1800,900,小竹町（こたけまち）は福岡県中央部にある町。鞍手郡に属する。筑豊を構成する市町村の一つ。
C1546,1800,800,鞍手町（くらてまち）は、福岡県の北西部に位置する町。鞍手郡に属しており、筑豊地域（都市計画の圏域では筑豊都市圏）を構成する自治体の一つである。
C1547,1800,800,桂川町（けいせんまち）は、福岡県の中央部に位置する町。嘉穂郡に属しており、筑豊地域（都市計画の圏域では筑豊都市圏）を構成する自治体の一つである。
C1548,3300,1700,筑前町（ちくぜんまち）は、福岡県中南部に位置する町。朝倉郡に属する。
C1549,2900,900,東峰村（とうほうむら）は、福岡県の中南部に位置する村。朝倉郡に属しており、福岡県内4地域の区分では福岡地域に含まれる。
C1550,3800,1700,大刀洗町（たちあらいまち）は、福岡県の南部、筑後平野の北部にある町。
C1551,2600,1500,大木町（おおきまち）は、福岡県の南西部にある町。三潴郡（みずまぐん）に属し、2005年に城島町・三潴町が久留米市へ編入合併された結果、当町が三潴郡を構成する唯一の自治体となった。
C1552,2500,1100,広川町（ひろかわまち）は、福岡県の南部にある町で、八女郡に属する。
C1553,3400,1700,香春町（かわらまち）は、福岡県田川郡に属し、筑豊を形成する自治体の一つ。
C1554,2600,1400,添田町（そえだまち）は、福岡県の東南端に位置する町。田川郡に属しており、その最南端に位置する自治体である。
C1555,2200,1400,糸田町（いとだまち）は、福岡県の中央部に位置する町。田川郡に属しており、筑豊地域（都市計画の圏域では筑豊都市圏）を構成する自治体の一つである。
C1556,1800,800,川崎町（かわさきまち）は、福岡県の中央部に位置する町。田川郡に属しており、筑豊地域（都市計画の圏域では筑豊都市圏）を構成する自治体の一つである。
C1557,1800,800,大任町（おおとうまち）は、福岡県の中央部に位置する町。田川郡に属しており、筑豊を構成する自治体の一つでもある。
C1558,3300,1100,赤村（あかむら）は、福岡県の東部に位置する村。田川郡に属しており、筑豊を構成する自治体の一つでもある。
C1559,1800,900,福智町（ふくちまち）は、福岡県中央部に位置する町。田川郡に属する。
C1560,1800,800,苅田町（かんだまち）は、福岡県北東部の周防灘に面した町。京都郡に属し、臨海部の埋立地に多くの工場が立地する工業地帯を形成している。
C1561,1800,800,みやこ町（みやこまち）は、福岡県の北東部に位置する町。京都郡に属す。
C1562,1800,800,吉富町（よしとみまち）は、福岡県の東部にある町。旧豊前国の築上郡に属する。
C1563,2700,1400,上毛町（こうげまち）は、福岡県の東部にある町。
C1564,1800,800,築上町（ちくじょうまち）は、福岡県の北東部に位置する町。
C1565,1800,1100,鳥栖市（とすし）は、佐賀県の最東端に位置する市である。九州陸路交通の要衝であり、佐賀市、唐津市に次いで佐賀県では第3位の人口を擁している。
C1566,1800,1100,多久市（たくし）は、佐賀県の中央部にある市である。
C1567,1800,1200,古伊万里を世界へ積み出した港。伊万里牛も名物
C1568,1800,1200,1300年の武雄温泉。楼門は東京駅と同じ辰野金吾の設計
C1569,1800,800,鹿島市（かしまし）は、佐賀県の南部にある市。旧藤津郡。
C1570,1800,1400,小城市（おぎし）は、佐賀県の中央部に位置する市。県内地域区分では佐賀市や多久市とともに佐賀地域に属する。
C1571,1800,1000,神埼市（かんざきし）は、佐賀県の東部にある市である。
C1572,1800,1200,吉野ヶ里町（よしのがりちょう）は、佐賀県東部に位置する町。現在神埼郡に属する唯一の町である。
C1573,1800,800,基山町（きやまちょう）は、佐賀県の東部、三養基郡に属する町。県の東部地域に属する。
C1574,1800,1100,上峰町（かみみねちょう）は、佐賀県東部の三養基郡にある町。
C1575,1800,900,みやき町（みやきちょう）は、佐賀県東部、三養基郡に位置する町。
C1576,1800,800,玄海町（げんかいちょう）は、佐賀県の北西部にある町で、東松浦郡に属する。
C1577,1800,900,大町町（おおまちちょう）は、佐賀県のほぼ中心に位置する町。杵島郡に属し、現存する佐賀県の市町村で最も面積が小さい。
C1578,1800,1200,江北町（こうほくまち）は、佐賀県の中央部に位置する町。杵島郡に属しており、県内地域区分では杵藤地域に属する。
C1579,1800,1200,白石町（しろいしちょう）は、佐賀県の中南部に位置し、有明海の広い干拓地と干潟で知られる町。
C1580,2300,1100,太良町（たらちょう）は、佐賀県の南端に位置する町で、藤津郡に属する。
C1581,4600,3200,島原市（しまばらし）は、長崎県南東部にある市。
C1582,7200,4800,諫早市（いさはやし）は、長崎県の中央部にある市。東に諫早湾、西に大村湾、南に橘湾と3つの海に囲まれた珍しい都市で、県内最大の諫早平野を擁し、県内唯一の一級河川である本明川沿いに風情
C1583,5800,3400,大村市（おおむらし）は、長崎県において諫早市と共に県央とされる市。
C1584,6100,3700,日本最初の西洋貿易港。ザビエルも上陸した島の城下町
C1585,4400,2600,松浦市（まつうらし）は、長崎県の北部、北松浦半島に位置する市。
C1586,7400,4900,壱岐市（いきし）は、長崎県の壱岐島を主な行政区域とする市。2004年（平成16年）3月1日に郷ノ浦町、勝本町、芦辺町、石田町が合併して誕生した。
C1587,4200,2800,西海市（さいかいし）は、長崎県の西彼杵半島の北部に位置する市である。
C1588,1800,800,南島原市（みなみしまばらし）は、長崎県の島原半島南部に位置する市。
C1589,1800,800,長与町（ながよちょう）は、長崎県の町。西彼杵郡に属し、長崎市中心部から北東約10kmに位置する。
C1590,1800,800,時津町（とぎつちょう）は、長崎県の南部に位置し西彼杵郡に属する町。
C1591,1800,1200,東彼杵町（ひがしそのぎちょう）は、長崎県のほぼ中央部、大村湾の東側に面する町。
C1592,1800,800,川棚町（かわたなちょう）は、長崎県の中央部にある町。東彼杵郡に属す。
C1593,1800,1100,カジュアル食器の波佐見焼。おしゃれ陶器の新聖地
C1594,2900,1500,小値賀町（おぢかちょう）は、長崎県の五島列島北部、小値賀島と周辺の島々を行政区域とする町。
C1595,1800,1100,佐々町（さざちょう）は、長崎県の北部、北松浦半島中南西部に位置する町。
C1596,1800,800,新上五島町（しんかみごとうちょう）は、長崎県の五島列島の中通島・若松島とその周囲の島を町域とする町。
C1597,1800,900,八代市（やつしろし）は、熊本県中央部の南側寄りに位置する市。熊本県第2の人口を擁する。
C1598,1800,1100,荒尾市（あらおし）は、熊本県の北西部にある市。
C1599,1800,800,水俣市（みなまたし）は、熊本県最南部に位置する市である。西は不知火海に面して天草の島々を望み、もともと海の幸、山の幸に恵まれた風光明媚な土地である。
C1600,1800,900,玉名温泉と玉名ラーメン。熊本ラーメンのルーツ
C1601,1800,1300,菊池市（きくちし）は、熊本県北部にある市。
C1602,1800,800,宇土市（うとし）は、熊本県の中央部にある市。
C1603,1800,1000,上天草市（かみあまくさし）は、熊本県の天草諸島東部に位置する市。
C1604,1800,800,宇城市（うきし）は、熊本県下の人口約5万6000人の市である。
C1605,1800,1000,合志市（こうしし）は、熊本県中北部にある市。
C1606,1800,1200,美里町（みさとまち）は、熊本県の中央部にある町。下益城郡に属する。
C1607,1800,1100,玉東町（ぎょくとうまち）は、熊本県の北部に位置している町。玉名郡に属す。
C1608,1800,1100,南関町（なんかんまち）は、熊本県の北西部に位置している町。町名は古代よりこの地に置かれた関所に由来する。
C1609,1800,1100,長洲町（ながすまち）は、熊本県の北西部にある町。玉名郡。
C1610,1800,1000,和水町（なごみまち）は、熊本県の北西部に位置する町。玉名郡に属す。
C1611,1800,1100,大津町（おおづまち）は、熊本県の中北部にある町。菊池郡に属する。
C1612,5500,2700,菊陽町（きくようまち）は、熊本県の中部にある町。菊池郡。近年熊本市のベッドタウン化が進み、人口増加率が全国トップクラスとなっている。
C1613,2300,1300,南小国町（みなみおぐにまち）は、熊本県の阿蘇地方にある町。阿蘇郡に属す。
C1614,2900,1500,小国町（おぐにまち）は、熊本県の北東部に位置する町。阿蘇郡に属す。
C1615,3100,1200,産山村（うぶやまむら）は、熊本県の北東部にある村。阿蘇郡に属す。
C1616,2300,1000,高森町（たかもりまち）は、熊本県の阿蘇地方の南東部にある町。阿蘇郡に属する。
C1617,2300,1200,西原村（にしはらむら）は、熊本県にある村。阿蘇郡に属する。
C1618,2700,1300,南阿蘇村（みなみあそむら）は、熊本県の北東部、阿蘇山・阿蘇カルデラの南部の南阿蘇地域（南郷谷）に位置する村。
C1619,2500,1000,御船町（みふねまち）は、熊本県の町。上益城郡に属する。
C1620,2300,1000,嘉島町（かしままち）は、熊本県の県庁所在地都市でもある熊本市の南部に位置する町。
C1621,3900,1800,益城町（ましきまち）は、熊本県の中部に位置する上益城郡の町である。
C1622,1800,1200,甲佐町（こうさまち）は、熊本県のほぼ中心に位置している町。上益城郡に属する。
C1623,1800,1200,山都町（やまとちょう）は、熊本県東部にある町。2005年（平成17年）2月11日に上益城郡矢部町、清和村、阿蘇郡蘇陽町が合併して誕生した。
C1624,1800,900,氷川町（ひかわちょう）は、熊本県中部に位置する町。八代郡に属する唯一の町である。
C1625,1800,800,芦北町（あしきたまち）は、熊本県の南部に位置する町。葦北郡。
C1626,1800,1000,津奈木町（つなぎまち）は、熊本県の南部に位置する町。葦北郡に属している。
C1627,1800,900,錦町（にしきまち）は、熊本県の南部に位置する町。球磨郡に属する。
C1628,1800,1000,多良木町（たらぎまち）は、熊本県の南部に位置する町。球磨郡に属している。
C1629,1800,800,湯前町（ゆのまえまち）は、熊本県の南部にある町。球磨郡に属す。
C1630,1800,1000,水上村（みずかみむら）は、熊本県の南部にある村。球磨郡に属す。
C1631,1800,900,相良村（さがらむら）は、熊本県の南部に位置する村。球磨郡に属す。
C1632,1800,900,五木村（いつきむら）は、熊本県の南部にある村。球磨郡に属す。「五木の子守唄」の発祥の地でもある。
C1633,1800,1000,山江村（やまえむら）は、熊本県の南部にある村。球磨郡に属す。
C1634,1800,800,球磨村（くまむら）は、熊本県の南部にある村。球磨郡に属する。
C1635,1800,900,あさぎり町（あさぎりちょう）は、熊本県の南部に位置する町。球磨郡に属する。
C1636,1800,800,苓北町（れいほくまち）は、熊本県の西部、天草諸島の下島の北西部にある町。
C1637,1800,1300,佐伯市（さいきし）は、大分県の南東端に位置する市。
C1638,1800,900,臼杵市（うすきし）は、大分県の東海岸に位置する市。臼杵石仏、醤油の醸造、城下町の町並みなどで知られている。
C1639,1800,1300,津久見市（つくみし）は、大分県の東海岸に位置する市である。大分県の市の中では最も人口が少ないが、人口密度は大分市、別府市に次いで3番目に高い。
C1640,1800,1300,「荒城の月」の岡城跡。竹田湧水群の清冽な水
C1641,1800,1400,豊後高田市（ぶんごたかだし）は、大分県の北東部にある国東半島の西側に位置する市。
C1642,1800,900,杵築市（きつきし）は、大分県の北東部にある国東半島南部に位置する市。
C1643,1800,1000,全国4万社の八幡様の総本宮・宇佐神宮。からあげ専門店発祥の地とも
C1644,4100,2700,豊後大野市（ぶんごおおのし）は、大分県の南部に位置する人口約3万1000人の市。
C1645,4200,2700,国東市（くにさきし）は、大分県の北東部の国東半島東部に位置する市である。
C1646,6900,2900,姫島村（ひめしまむら）は、大分県の北東部にある東国東郡の村。姫島全域を行政区域とする。
C1647,4400,1900,日出町（ひじまち）は、大分県速見郡に属する町である。
C1648,1800,800,九重町（ここのえまち）は、大分県の中西部にある町である。玖珠郡に属する。
C1649,3700,2000,玖珠町（くすまち）は、大分県の中西部にある町である。玖珠郡に属する。
C1650,7200,4500,延岡市（のべおかし）は、宮崎県北部にある市。中心地域は宮崎県北部の中心都市としての性格を有する。
C1651,1800,1300,小林市（こばやしし）は、宮崎県の南西部に位置する市。県西エリアの西諸（にしもろ）地域（医療圏など）に属する。
C1652,1800,900,日向市（ひゅうがし）は、宮崎県の北東部に位置する市。県北エリアに属する。
C1653,1800,1400,串間市（くしまし）は、宮崎県の最南端に位置する市。県南エリアに属する。
C1654,4700,2700,西都市（さいとし）は、宮崎県の県央地域に位置する市。日本最大級の古墳群である国の特別史跡・西都原古墳群や、日向国主伊東氏の居城都於郡城で知られる。
C1655,1800,800,三股町（みまたちょう）は、宮崎県の中央部に位置する町。北諸県郡に属しており、同郡を構成する唯一の町である。
C1656,1800,800,高原町（たかはるちょう）は、宮崎県南西部の町。西諸県郡に属する。
C1657,1800,800,国富町（くにとみちょう）は、宮崎県中部に位置する町。県央エリアに属する。
C1658,1800,1200,綾町（あやちょう）は、宮崎県のほぼ中央に位置する町。東諸県郡に属する。
C1659,3600,1500,高鍋町（たかなべちょう）は、宮崎県の中央部の海岸沿いにある町。
C1660,1800,800,新富町（しんとみちょう）は、宮崎県中部の児湯郡に属する町。宮崎平野を代表する野菜の産地の一つである。
C1661,1800,800,西米良村（にしめらそん）は、宮崎県にある村。児湯郡に属する。九州山地のただ中に位置し、面積の96％を森林が占める山村である。
C1662,1800,1100,木城町（きじょうちょう）は、宮崎県の中央部にある町。児湯郡に属する。
C1663,1800,800,川南町（かわみなみちょう）は、宮崎県の中部にある町。児湯郡に属す。
C1664,1800,900,都農町（つのちょう）は、宮崎県児湯郡に属する町。県央地域に区分される。
C1665,1800,800,門川町（かどがわちょう）は、宮崎県の町。東臼杵郡。宮崎県の県北地域に区分され、日向灘（太平洋）に面している。
C1666,1800,800,諸塚村（もろつかそん）は、宮崎県北部にある村。東臼杵郡に属する。
C1667,1800,800,椎葉村（しいばそん）は、宮崎県にある村。東臼杵郡に属する。
C1668,1800,1000,美郷町（みさとちょう）は、宮崎県の北部にある町。東臼杵郡に属しており、2006年（平成18年）に南郷村、西郷村、北郷村が合併して誕生した。
C1669,1800,1000,日之影町（ひのかげちょう）は、宮崎県の北部に位置する町。西臼杵郡に属しており、広くは延岡都市圏域に属する。
C1670,1800,900,五ヶ瀬町（ごかせちょう）は、宮崎県の北西部に位置する町。西臼杵郡に属しており、広くは延岡都市圏域に属する。
C1671,1800,1300,鹿屋市（かのやし）は、鹿児島県にある市。九州南東部、大隅半島の中央部に位置する。
C1672,1800,1400,阿久根市（あくねし）は、鹿児島県の北西部に位置する市。北薩地域に属する。
C1673,1800,1100,1万羽超のツルが越冬する日本一の渡来地
C1674,1800,1400,西之表市（にしのおもてし）は、鹿児島県の南部、大隅諸島の種子島北部にある市。
C1675,1800,800,垂水市（たるみずし）は、鹿児島県（離島以外の地域）の中部、大隅半島の北西部に位置する市。
C1676,7100,4600,薩摩川内市（さつませんだいし）は、鹿児島県の北西に位置する市。
C1677,5000,3300,日置市（ひおきし）は、鹿児島県の中央部（薩摩半島）に位置する市。
C1678,5300,3400,曽於市（そおし）は、日本の鹿児島県本土の東部、大隅半島の北部に位置する市。
C1679,5400,3300,いちき串木野市（いちきくしきのし）は、鹿児島県の本土西部に位置する市。
C1680,4600,2800,南さつま市 （みなみさつまし）は、鹿児島県の薩摩半島西岸に位置する市。
C1681,5500,3300,志布志市（しぶしし）は、鹿児島県の東部に位置する市。2006年（平成18年）1月1日、曽於郡の志布志町・有明町・松山町が合併し成立した。
C1682,5300,3300,知覧茶の一大産地。市町村単位の荒茶生産量日本一
C1683,4500,3100,伊佐市（いさし）は、鹿児島県の北部に位置する市。姶良・伊佐地域に属する。
C1684,1800,1100,姶良市（あいらし）は、鹿児島県にある市。鹿児島湾（錦江湾）の奥側に位置する。
C1685,5600,2300,三島村（みしまむら）は、鹿児島県の竹島、硫黄島、黒島の三つの島からなる村。
C1686,1800,800,十島村（としまむら）は、鹿児島県の東シナ海上の12の島々からなる村。
C1687,3100,1500,さつま町（さつまちょう）は、鹿児島県の中北部、内陸地域に位置する町。
C1688,1800,1000,長島町（ながしまちょう）は、鹿児島県の北西部に位置する町。北薩地域にある鹿児島県最北端にあたる町である。
C1689,1800,1100,湧水町（ゆうすいちょう）は、鹿児島県の北部内陸地域に位置する町。
C1690,1800,900,大崎町（おおさきちょう）は、鹿児島県（離島を除く）の東南部にある町。
C1691,1800,800,東串良町（ひがしくしらちょう）は、鹿児島県の大隅半島にある町。
C1692,1800,1200,錦江町（きんこうちょう）は、鹿児島県の大隅半島西部に位置する町。
C1693,1800,800,本土最南端の佐多岬。北緯31度線のモニュメント
C1694,1800,1000,肝付町（きもつきちょう）は、鹿児島県本土の東南部、大隅半島の東部にある町。
C1695,1800,800,中種子町（なかたねちょう）は、鹿児島県種子島の中央部にある町。
C1696,1800,800,南種子町（みなみたねちょう）は、鹿児島県の種子島南部にある町。
C1697,1800,800,大和村（やまとそん）は、鹿児島県の奄美大島にある村の1つ。大島郡に属し、奄美群島振興開発特別措置法の適用区域にあたる。
C1698,1800,800,宇検村（うけんそん）は、鹿児島県の奄美大島の中南部西岸に位置する村。
C1699,1800,1100,瀬戸内町（せとうちちょう）は、鹿児島県の奄美群島にある町。大島郡に属し、奄美大島の南端部とその沿岸に位置する加計呂麻島、請島などの離島からなる。
C1700,1800,1200,龍郷町（たつごうちょう）は、鹿児島県の奄美大島にある町。大島郡に属し、奄美群島振興開発特別措置法の適用区域にあたる。
C1701,1800,800,喜界町（きかいちょう、喜界島方言: キキャ）は、鹿児島県の喜界島一島の全域のみを町域とする町。
C1702,1800,800,徳之島町（とくのしまちょう）は、鹿児島県の南西諸島、奄美群島の徳之島に3つある町の1つ。
C1703,1800,800,天城町（あまぎちょう）は、鹿児島県の南西諸島、奄美群島の徳之島に3つある町の1つ。
C1704,1800,800,伊仙町（いせんちょう）は、鹿児島県の奄美群島の徳之島にある町の1つ。
C1705,1800,1200,和泊町（わどまりちょう）は、鹿児島県の南部、沖永良部島東部（東半分）に位置する町。
C1706,1800,800,知名町（ちなちょう）は、鹿児島県の沖永良部島にある町。大島郡に属する。
C1707,1800,1000,与論町（よろんちょう）は、鹿児島県の最南端にある町。与論島1島で1町を形成している。
C1708,6300,4200,宜野湾市（ぎのわんし、沖縄語: じのーん/jinoon/）は、沖縄本島中南部の中央に位置する沖縄県の市。
C1709,6400,3800,浦添市（うらそえし、沖縄語: うらしー/urashii/）は、沖縄本島の南部地域と中部地域の境目にある市で、琉球王国の古都。
C1710,6200,3500,やんばるの玄関口。オリオンビールのふるさと
C1711,4900,2700,海人（うみんちゅ）の街。沖縄本島最南端
C1712,7100,4100,沖縄市（おきなわし、沖縄語:うちなー/ʔucinaa/、こざ/koza/）は、沖縄本島中部に位置する市。
C1713,6600,3900,豊見城市（とみぐすくし、沖縄語: てぃみぐしく/timigushiku/、とぅみぐしく/tumigushiku/）は、沖縄本島南部に位置する沖縄県の市。
C1714,6300,3700,南城市（なんじょうし、沖縄語:なんじょー/naNdʒoː/）は、沖縄本島南部の市で、2006年（平成18年）1月1日、島尻郡の佐敷町、知念村、玉城村、大里村が対等合併して誕生した。
C1715,4300,2100,国頭村（くにがみそん、国頭語:くんじゃん/kuNd͡ʑaN/、沖縄語:くんじゃん/kuNd͡ʑaN/）は、沖縄県の沖縄本島北端に位置する村。
C1716,1800,1100,大宜味村（おおぎみそん、国頭語大宜味方言:いぎみ/ʔigimi/、国頭語今帰仁方言:うじみー/uʤimii/、沖縄語:うじみ/ʔuʒimi/）は、沖縄県の沖縄本島北部に位置する村。
C1717,2600,1100,東村（ひがしそん、国頭語:ひがし、沖縄語:ひがし）は、沖縄県国頭郡の村。
C1718,6800,3000,今帰仁村（なきじんそん、今帰仁方言:なちじん/natʃidʒiN/沖縄語:なちじん/natʃidʒin/）は、沖縄県国頭郡の村。
C1719,1800,1100,本部町（もとぶちょう、沖縄語:むとぅぶ/mutubu/）は、沖縄県の町。
C1720,1800,800,宜野座村（ぎのざそん、国頭語:じぬざ/dʒinuza/、沖縄語:じぬじゃ/dʒinudʒa/）は、沖縄県の国頭郡にある村。
C1721,1800,1100,金武町（きんちょう、国頭語金武方言:ちん/tʃiN/、沖縄語:ちん/tʃiN/）は、沖縄県国頭郡にある町。
C1722,1800,800,伊江村（いえそん、沖縄語:いー/ii/）は、沖縄県国頭郡の村。
C1723,1800,800,読谷村（よみたんそん、沖縄語:ゆんたんじゃ/juntandʒa/、ゆんだんざ/juntandza/）は、沖縄県の沖縄本島中部、中頭郡に属する村。
C1724,1800,800,嘉手納町（かでなちょう、沖縄語: かでぃなー/kadinā/）は、沖縄県中頭郡の町。
C1725,1800,800,北谷町（ちゃたんちょう、沖縄語:ちゃたん/catan/）は、沖縄県中頭郡に属する町。
C1726,1800,800,北中城村（きたなかぐすくそん、沖縄語:きたなかぐしく/kitanakagushiku/）は、沖縄県中頭郡の村。
C1727,1800,1100,中城村（なかぐすくそん、沖縄語:なかぐしく/nakagushiku/）は、沖縄県中頭郡の村。
C1728,1800,900,西原町（にしはらちょう、沖縄語:にしばる/niʃibaru/）は、沖縄本島の中部を占める中頭郡の町。
C1729,1800,800,与那原町（よなばるちょう、沖縄語:ゆなばる/yunabaru/）は、沖縄県本島南部、島尻郡に属する町である。
C1730,1800,1100,渡嘉敷村（とかしきそん、沖縄語:とぅかしち/tukashici/）は、沖縄本島那覇市の西方約40kmに点在する慶良間諸島のうち渡嘉敷島を始め10余りの島からなる村。
C1731,1800,800,座間味村（ざまみそん、沖縄語座間味方言:じゃまん/dʒamaN/、沖縄語首里方言:じゃまみ/dʒamami/）は、沖縄本島那覇市の西方約40kmに点在する慶良間諸島のうち座間味島を
C1732,1800,800,粟国村（あぐにそん、沖縄語:あぐに/aguni/）は、沖縄県島尻郡の村の一つ。
C1733,1800,800,渡名喜村（となきそん、沖縄語:とぅなち/tunaci/）は、沖縄県の島尻郡に属する村。
C1734,1800,800,南大東村（みなみだいとうそん）は、沖縄本島の約400 キロメートル (km) 東方に位置する南大東島を行政区画とする沖縄県の村。
C1735,1800,900,北大東村（きただいとうそん）は、北大東島と沖大東島を行政区画とする沖縄県の村。
C1736,1800,800,伊平屋村（いへやそん、国頭語:イヒャ/ʔihja/、イピャー/ʔipjaː/、イッピャー/iQpjaː/、沖縄語:イヒャ/ʔihja/）は、沖縄県の北部、沖縄本島の北方約49kmに
C1737,1800,800,伊是名村（いぜなそん、沖縄語:いじな/ijina/）は、沖縄県の北部、沖縄本島（本部半島）の北方約35kmに位置する伊是名島とその周辺に位置する無人島で構成される村。
C1738,1800,900,久米島町（くめじまちょう、沖縄語:くみ/kumi/、くに/kuni/）は、沖縄県島尻郡の町。
C1739,1800,1100,八重瀬町（やえせちょう、沖縄語:いぇーじ/yeeji/、えーじ/eeji/）は、沖縄本島南部に位置する町。
C1740,3400,1500,多良間村（たらまそん）は、沖縄県の先島諸島東部の宮古列島に位置する多良間島及び水納島の2島からなる村。
C1741,5400,2800,日本最西端の国境の島。海底遺跡と与那国馬
